,,Overall,,,,,,,Conf.,,,Home,,,Away,,,Points,,,Totals,,,,,,,,,,,,,,,,
Rk,School,G,W,L,W-L%,SRS,SOS,,W,L,,W,L,,W,L,,Tm.,Opp.,,MP,FG,FGA,FG%,3P,3PA,3P%,FT,FTA,FT%,ORB,TRB,AST,STL,BLK,TOV,PF
1,Abilene Christian,32,16,16,0.5,-5.84,-2.39,,8,8,,10,5,,5,10,,70.6,70.3,,40.3,25.6,57.7,0.444,4.56,15.1,0.302,14.9,20.8,0.715,11.1,33.8,13.2,10.3,2.94,14.9,20.9
2,Air Force,32,4,28,0.125,-8.07,3.65,,1,19,,3,13,,0,14,,61.9,73.7,,40.3,21.3,50.5,0.421,8.09,24.5,0.331,11.3,17.9,0.635,7.38,29.9,13.4,5.66,2.84,13.5,17.8
3,Akron ,35,28,7,0.8,3.22,-3.75,,17,1,,16,0,,8,4,,84,75.1,,40.1,30.3,64.6,0.469,10.7,29.7,0.362,12.7,16.9,0.754,11.8,38.5,17.7,7.63,3.74,11.8,17.8
4,Alabama ,37,28,9,0.757,25.54,16.14,,13,5,,12,3,,9,3,,90.7,81.3,,40.3,31,64.1,0.484,10.5,29.8,0.353,18.1,25.2,0.72,12.4,42.4,17.2,6.16,4.51,12.7,18.9
5,Alabama A&M,32,10,22,0.313,-20.52,-9.93,,6,12,,8,9,,2,12,,73,78.8,,40.6,24.8,61.4,0.404,8.03,25.2,0.318,15.3,23.1,0.664,14,36.6,13.5,8.31,4.09,16,21.5
6,Alabama State ,36,20,16,0.556,-8.99,-8.19,,12,6,,8,3,,6,10,,73.1,72.4,,40.1,25.8,63.6,0.405,8.89,27.2,0.327,12.7,18.5,0.686,11.6,36.2,11.6,7.92,2.81,9.08,18.4
7,Albany (NY),33,17,16,0.515,-9.75,-8.55,,8,8,,7,7,,8,8,,74.6,73.8,,40.5,27.3,61.9,0.441,7.21,22.3,0.323,12.8,17.9,0.716,11.9,33.8,12.5,8.27,2.33,10.8,17.4
8,Alcorn State,32,11,21,0.344,-14.06,-6.96,,11,7,,6,3,,5,17,,65,72.1,,40.2,23.6,57.3,0.411,5.34,16.8,0.318,12.6,17.5,0.717,11.8,34,10.3,6.59,2.69,13.1,17
9,American ,35,22,13,0.629,-7.64,-6.85,,13,5,,14,2,,5,10,,68.7,67.7,,40.6,24,54.1,0.444,8.54,24.5,0.348,12.2,16.2,0.754,7.71,30.2,12.6,6.54,1.89,11.1,17.9
10,Appalachian State,31,17,14,0.548,-2.59,-3.83,,10,8,,10,4,,5,8,,67.8,63.5,,40.2,23.8,54.6,0.436,7.74,22.5,0.344,12.5,19.1,0.651,9.81,36.9,12.5,5.52,3.68,10.8,13.4
11,Arizona ,37,24,13,0.649,22.94,13.72,,14,6,,13,3,,6,5,,82.5,73.3,,40.3,29.1,61.3,0.474,7.19,21.3,0.338,17.1,22,0.78,12.3,39.7,16.2,7.54,4.38,11.4,16.9
12,Arizona State,33,13,20,0.394,10.62,13.32,,4,16,,5,9,,3,8,,74.1,76.8,,40.5,25.2,57.3,0.439,8.7,24.4,0.356,15.1,20.8,0.726,8.76,34,12.8,5.27,4.42,12.5,17
13,Arkansas ,36,22,14,0.611,17.09,11.7,,8,10,,14,4,,4,6,,76.8,71.4,,40.3,27.2,58.8,0.462,7.03,21.5,0.327,15.4,20.9,0.739,9.53,35.6,14.2,7.53,5.61,11.5,16.2
14,Arkansas State,36,25,11,0.694,5.81,-2.4,,13,5,,14,2,,8,6,,79.4,70.2,,40.3,27.4,64.3,0.426,9.42,29,0.325,15.2,20.9,0.727,13.4,40.7,14.3,7.33,4.44,10.4,18.3
15,Arkansas-Pine Bluff,31,6,25,0.194,-24.34,-8.44,,3,15,,4,8,,2,17,,72.3,83.9,,40,26.9,59.3,0.454,7.26,22.5,0.323,11.3,19,0.593,9.87,34,14.6,7.1,2.13,14.5,19
16,Army,33,17,16,0.515,-12.11,-7.3,,10,8,,12,4,,4,11,,73.2,74.9,,40.9,27,61.9,0.437,8.36,26.4,0.317,10.8,15.8,0.681,10.2,35,14.1,6.7,2.18,10,15.6
17,Auburn ,38,32,6,0.842,28.68,15.13,,15,3,,13,2,,8,2,,83,69.4,,40.1,29.4,61.7,0.476,9.03,25.2,0.359,15.2,20.9,0.727,11.8,37.4,16.1,6.87,5.89,9.45,18.5
18,Austin Peay,33,14,19,0.424,-9.57,-3.86,,8,10,,8,5,,4,13,,71.6,74.9,,40.5,25.3,60,0.422,8.48,24.5,0.346,12.4,17.3,0.719,9.88,32.9,12.6,6.94,2.64,9.91,17.8
19,Ball State,31,14,17,0.452,-7.95,-6.49,,7,11,,8,7,,4,9,,75.4,74.2,,40.3,25.2,55.4,0.455,7.13,20.7,0.345,17.8,25.3,0.704,9.42,35.5,13.1,4.97,2.16,11.7,16.4
20,Baylor ,35,20,15,0.571,18.77,13.86,,10,10,,13,3,,3,9,,76.1,69.8,,40.7,27,60.7,0.445,8.4,24.2,0.348,13.7,18.3,0.747,13,35.9,14.4,7.54,2.8,10.8,16.3
21,Bellarmine,31,5,26,0.161,-15.26,-4.88,,2,16,,5,10,,0,16,,72.6,80.1,,40.3,26.3,56.2,0.467,9.06,25,0.362,11.1,14.3,0.773,6.61,29.3,14.2,6.35,1.71,12,16.8
22,Belmont,33,22,11,0.667,1.94,-0.12,,13,7,,11,5,,9,4,,79.3,76.6,,40.2,28.6,61.6,0.465,10.5,27.4,0.383,11.5,16.1,0.719,9.61,34.6,17.2,6.94,3.15,11.2,15.6
23,Bethune-Cookman,33,17,16,0.515,-10.22,-6.7,,13,5,,8,2,,7,12,,68.6,72.2,,40,24.2,56.7,0.428,6.12,19.2,0.319,14,20.3,0.69,10.1,35.6,12.8,6.67,3.67,13.6,16.1
24,Binghamton,32,15,17,0.469,-13.5,-9.12,,7,9,,9,4,,5,12,,69.8,71.5,,40.5,25,54.2,0.461,7.09,19.8,0.359,12.6,18.2,0.693,8.88,35.9,13,4.78,3,13.5,16.4
25,Boise State,37,26,11,0.703,13.86,5.75,,14,6,,13,2,,6,5,,75.8,66.9,,40.1,25.9,56,0.463,7.49,23.6,0.317,16.5,21.1,0.78,10.5,36.1,14.5,5.68,2.62,10.9,16
26,Boston College,31,12,19,0.387,-0.25,5.14,,4,16,,9,8,,0,10,,70.4,75.8,,41.1,25.3,58.4,0.432,6.65,19.3,0.345,13.2,18.4,0.719,10.3,34.4,11.5,5.23,3.9,11.9,18.4
27,Boston University,32,16,16,0.5,-11,-8.39,,10,8,,12,4,,3,12,,67.1,68.5,,40.6,24,54.8,0.438,7.81,23.1,0.338,11.3,17.1,0.663,10.9,35.1,11.9,6.06,2.59,13.2,16.1
28,Bowling Green State,32,14,18,0.438,-9.53,-6.1,,8,10,,8,8,,5,8,,73.5,73.9,,40,25.5,58,0.439,7.97,23.3,0.342,14.6,19.6,0.746,9.28,34.4,11.2,7.25,3.19,12.3,17.4
29,Bradley,37,28,9,0.757,6.4,0.24,,15,5,,14,4,,9,3,,76.3,68.5,,40.5,26.8,55.6,0.483,9.54,24,0.398,13.1,17.5,0.747,8.24,34.4,14.4,6.51,3.86,11.5,16.7
30,Brigham Young ,36,26,10,0.722,19.07,10.21,,14,6,,15,2,,6,5,,81.4,72.6,,40.7,28.9,60,0.482,10.5,28.6,0.368,13,18.3,0.713,11.3,37.6,17.3,7.14,3.14,12.1,16.3
31,Brown,27,14,13,0.519,-5.21,-4.28,,6,8,,8,6,,6,7,,72.2,71.6,,40.6,26.8,59.7,0.448,8.19,24.4,0.335,10.5,16.6,0.632,11,36.3,14.7,5.93,5.26,11.6,15.7
32,Bryant ,35,23,12,0.657,-1.99,-6.93,,14,2,,12,3,,10,7,,81.8,74.2,,40.1,30.1,65.8,0.457,7.74,23.3,0.333,13.8,19.3,0.714,13.3,41.1,14.9,6.66,6,11.9,15.7
33,Bucknell,33,18,15,0.545,-5.35,-6.23,,13,5,,12,4,,6,10,,74,73.2,,41.8,26.1,56.1,0.466,8.12,23,0.353,13.7,20.6,0.664,8.52,33.8,13.6,6.64,3.21,13.1,17.8
34,Buffalo,31,9,22,0.29,-15.16,-3.92,,4,14,,6,9,,3,13,,71.8,80.9,,40,25,58.7,0.426,7.84,25.8,0.304,13.9,19.9,0.7,9.23,34.5,13.5,6.74,3.52,14.5,16.7
35,Butler,35,15,20,0.429,10.03,10.14,,6,14,,9,8,,2,9,,74.7,74.9,,40.1,25.5,55.5,0.46,8.54,23.1,0.37,15.1,20.4,0.74,8.46,34.9,13.9,4,2.69,11,13.6
36,Cal Poly,35,16,19,0.457,-2.47,-0.68,,8,12,,9,5,,5,13,,82.1,82.9,,40.6,28.9,62.5,0.462,11.5,31.8,0.362,12.8,16.7,0.766,10.1,34.9,15.3,7.86,2.14,15.7,18
37,Cal State Bakersfield,33,14,19,0.424,-5.93,-2.26,,8,12,,9,6,,4,11,,73.8,73.6,,40.3,25.8,58.9,0.438,6.61,17.4,0.38,15.6,20.2,0.772,12.8,35.5,10.1,6.82,2.79,12.6,20.3
38,Cal State Fullerton,32,6,26,0.188,-15.96,0.37,,1,19,,4,11,,2,15,,63.3,77.3,,40,21.3,53.2,0.402,4.88,18,0.271,15.7,21.2,0.742,9.47,33.3,9,5.31,1.94,14.8,17.8
39,Cal State Northridge,33,22,11,0.667,1.83,-3.36,,14,6,,10,3,,10,7,,80.3,72.9,,40.2,28.8,61.7,0.468,6.64,19.2,0.345,16,22,0.725,12.8,40.1,16.3,7.58,2.88,13.7,20.6
40,California,33,14,19,0.424,5.48,6.69,,6,14,,11,6,,2,11,,75.6,76.8,,41.2,25.4,60.7,0.419,7.21,22.9,0.315,17.6,23.6,0.746,13.4,37.5,10.5,6.3,3.7,11.6,16.5
41,California Baptist,32,17,15,0.531,-1.13,-2.35,,9,7,,11,5,,4,8,,71.3,70,,40.5,25.6,59.8,0.427,6.66,21,0.317,13.5,17.8,0.757,12,36,11.7,6.63,2.69,12.1,17.2
42,Campbell,32,15,17,0.469,-5.39,-4.96,,10,8,,8,6,,7,10,,70.2,67.8,,40.2,24.8,56.4,0.439,7.5,23.3,0.322,13.2,17.1,0.771,8.25,31.8,13.4,6.88,3.06,10.5,16.1
43,Canisius,31,3,28,0.097,-19.26,-5.42,,3,17,,1,12,,2,15,,64.8,78.6,,40,23.5,54,0.436,8.19,22.3,0.367,9.55,12.6,0.759,5.81,25.9,11.2,6.16,2.42,12.3,16
44,Central Arkansas,33,9,24,0.273,-15.16,-4.29,,4,14,,7,7,,1,17,,70.2,78.1,,40.9,24.8,60.5,0.41,8.58,29.2,0.294,12.2,16.9,0.719,11.2,35.8,13.7,7.33,2.36,12.4,13.6
45,Central Connecticut State,32,25,7,0.781,-4.47,-11.21,,14,2,,13,3,,12,3,,72.3,62.9,,40.2,27.2,57.1,0.476,7.06,20.4,0.346,10.8,14.6,0.742,8.53,35.5,14.3,7.56,4.19,11.3,11.3
46,Central Michigan,31,14,17,0.452,-4.51,-2.8,,7,11,,8,6,,6,10,,75.5,72.2,,40.3,26.9,58.3,0.462,6.39,19.7,0.325,15.3,21.1,0.722,10.7,36.1,13.5,7.35,2.9,12.3,16.5
47,Charleston Southern,32,10,22,0.313,-11.12,-2.45,,6,10,,7,5,,3,14,,72.1,78.2,,40.5,24,56.5,0.425,7.28,24,0.304,16.8,25.3,0.662,11.8,37.1,11.5,4.72,2.75,13.5,17.4
48,Charlotte,33,11,22,0.333,-5.45,-0.63,,3,15,,8,8,,1,12,,70.5,74.5,,40.8,23.1,54.8,0.421,7,22.6,0.31,17.4,23.3,0.749,8.82,31.4,12.3,5.09,2.18,9.97,17.4
49,Chattanooga,38,29,9,0.763,2.37,-2.94,,15,3,,14,3,,12,5,,79.7,72.9,,40.9,28.2,58.9,0.479,9.79,27.1,0.362,13.5,17.6,0.767,8.26,33.3,17.1,6.84,2.82,10,16.2
50,Chicago State,32,4,28,0.125,-21.12,-4.97,,4,12,,3,7,,1,19,,62.5,78.7,,40.3,22.2,58.1,0.382,7.25,23.7,0.306,11,15.6,0.705,8.53,30.7,10.8,7.34,3.56,12.9,19
51,Cincinnati,35,19,16,0.543,14.23,9.28,,7,13,,12,5,,4,9,,71.2,66.2,,40,27.2,60.6,0.449,7.51,23.2,0.324,9.31,14,0.665,11.3,34.8,13.9,7.57,4.14,10.3,14.2
52,Clemson ,34,27,7,0.794,17.81,7.51,,18,2,,15,2,,9,3,,76.1,65.8,,40.9,27.4,59.2,0.462,8.47,23,0.369,12.9,16.8,0.768,11.3,35.4,14.2,7.41,3.5,10.5,15.2
53,Cleveland State,36,23,13,0.639,-1.55,-3.85,,14,6,,14,4,,7,7,,73.1,66.5,,40.1,26.8,59.3,0.452,6.42,19.2,0.334,13.1,17.9,0.73,12.1,34.1,13.6,8.64,4.61,11.6,17.8
54,Coastal Carolina,32,10,22,0.313,-12.13,-5.93,,3,15,,6,8,,3,13,,66.8,71.1,,40.2,23.1,54,0.428,7.47,21.5,0.347,13,18.6,0.702,10,36.6,11.5,3.28,1.66,11.9,17.7
55,Colgate,33,14,19,0.424,-7.71,-6.4,,10,8,,10,4,,4,13,,72.1,72.4,,40.3,26.9,57.5,0.468,8.7,24.4,0.356,9.58,13.1,0.73,7.76,32.3,14.2,6.39,2.42,11.3,14.9
56,College of Charleston,33,24,9,0.727,-0.6,-3.38,,13,5,,13,2,,7,5,,77.2,73.8,,40.6,27,59.5,0.455,8.36,23.7,0.353,14.8,20.7,0.716,9.3,36,15.9,6.48,2.3,11.4,15.5
57,Colorado,35,14,21,0.4,9.62,11.74,,3,17,,11,7,,0,10,,69.7,71.9,,40.3,24.3,54.6,0.444,6.54,20.4,0.321,14.7,19.6,0.75,9.54,35.1,14.2,6.97,3.86,14.4,16.5
58,Colorado State ,36,26,10,0.722,13.94,6.05,,16,4,,14,2,,7,4,,75.2,67.3,,40.4,26.5,55.4,0.477,8.61,23.8,0.363,13.6,17.5,0.775,8.39,34.9,16.5,5.14,2.75,11.5,17.2
59,Columbia,27,12,15,0.444,-9.18,-5.7,,1,13,,9,6,,3,9,,78.4,78.1,,40,28.6,61.3,0.466,8.22,24.4,0.337,13.1,17.8,0.735,9.59,34.8,17.4,7.78,2.11,10.9,15.4
60,Connecticut ,35,24,11,0.686,17.87,8.87,,14,6,,14,2,,7,4,,77,68,,40.6,27.3,57.4,0.475,8.54,24.5,0.348,14,17.7,0.791,11.2,35.7,17.3,5.43,6.2,11.1,18.3
61,Coppin State,30,6,24,0.2,-21.26,-5.71,,4,10,,5,6,,1,17,,62.2,76.4,,40.2,21.8,54.8,0.397,5.17,17.6,0.294,13.5,19.9,0.681,9.67,30.6,11.2,8.13,1.9,14.9,17.3
62,Cornell,29,18,11,0.621,0.91,-3.76,,9,5,,9,5,,8,5,,85.1,77.5,,40,30.6,61,0.501,11.2,29.8,0.376,12.8,16.9,0.755,8.9,35,19.1,6.31,3.24,12,16.3
63,Creighton ,36,25,11,0.694,16.49,11.04,,15,5,,15,2,,6,5,,75.5,70,,40.3,27.1,56.7,0.477,9.56,27.7,0.345,11.8,16.2,0.728,8.42,37.4,17.1,3.61,4.47,12.2,11.1
64,Dartmouth,28,14,14,0.5,-4.74,-5.43,,8,6,,9,4,,5,9,,77.4,71.9,,40.2,26.7,61.1,0.437,10.1,28.8,0.352,13.8,18.6,0.742,8.93,37.9,15.8,5.14,3.07,11.5,14.9
65,Davidson,33,17,16,0.515,1.02,0.46,,6,12,,11,6,,4,7,,72.5,70.7,,40,26,57.3,0.454,8.06,23.8,0.338,12.4,16.6,0.746,8.09,33.2,14.9,5.7,2.52,9.64,14.8
66,Dayton,34,23,11,0.676,8.14,4.05,,12,6,,16,2,,6,5,,75.4,70.8,,40.6,25.7,56.2,0.458,8.32,23.1,0.361,15.7,21.1,0.742,9.71,34.1,15.2,7.06,3.47,10.4,15.7
67,Delaware,36,16,20,0.444,-6.11,-4.14,,5,13,,8,7,,3,11,,77.2,77.9,,40,27.4,57.8,0.475,8.78,23.6,0.372,13.6,17.3,0.782,7.42,32,14.2,6.39,3,11.8,16.6
68,Delaware State,30,16,14,0.533,-12.24,-9.05,,8,6,,11,2,,3,11,,78.7,74.3,,40.3,29,63,0.461,5.17,14,0.369,15.4,21.3,0.723,13.3,37.4,14,8.63,2.6,12.6,18.2
69,Denver,32,11,21,0.344,-10.4,-3.02,,5,11,,8,6,,3,12,,72.4,77.6,,40.6,25.6,57,0.449,7.25,20.9,0.347,13.9,18.8,0.74,8.81,30.8,11.5,6.84,2.53,12.7,22.4
70,DePaul,34,14,20,0.412,5.3,7.33,,4,16,,11,8,,2,10,,72.4,74.5,,40.9,25.9,58.1,0.446,9.24,26.8,0.344,11.4,16.1,0.705,9.15,34.4,15.4,6.12,3.65,12.5,16.3
71,Detroit Mercy,32,8,24,0.25,-13.46,-3.11,,4,16,,6,7,,2,15,,67.1,75.9,,40.6,24.4,59.3,0.412,5.63,17.1,0.33,12.6,17.2,0.735,12,37.7,10.8,5.78,2.47,13,18.9
72,Drake ,35,31,4,0.886,9.6,1.27,,17,3,,14,2,,10,1,,69.8,58.9,,40.7,24.2,50.3,0.481,6.63,18.4,0.36,14.9,21.3,0.699,10.1,30.8,13.5,8.94,2.43,11.1,15.8
73,Drexel,33,18,15,0.545,-3.64,-5.61,,9,9,,8,6,,7,7,,70.4,66.9,,40.8,26.4,57.5,0.458,7.7,21.4,0.36,9.94,14.2,0.699,11,36.8,13,4.88,4.55,12.2,14.7
74,Duke ,39,35,4,0.897,30.72,10.26,,19,1,,17,0,,10,1,,83.2,62.8,,40,28.9,58.7,0.493,10.1,26.2,0.386,15.2,19.3,0.79,10.6,38.2,17,6.72,3.92,9.31,15.8
75,Duquesne,32,13,19,0.406,1.18,0.89,,8,10,,9,7,,2,8,,69.1,67.3,,40.3,24.8,57.4,0.433,8.38,24.6,0.341,11.1,17,0.651,11.7,34.1,13.8,7.09,4.25,12.1,17.6
76,East Carolina,33,19,14,0.576,-0.69,-0.82,,10,8,,12,6,,4,6,,75.8,73.8,,40.8,26.6,61.1,0.436,6.73,21.3,0.316,15.8,22,0.72,12.9,37.2,13.3,7.55,4.52,10.9,15.6
77,East Tennessee State,32,19,13,0.594,-1.07,-5.2,,12,6,,13,3,,6,9,,71.9,66.5,,40,25.5,58.8,0.434,8.47,24.3,0.348,12.5,18.9,0.661,12.6,37.1,13,8.03,3.78,10.8,16.3
78,East Texas A&M,31,5,26,0.161,-12.38,-1.86,,3,17,,4,10,,1,16,,64.4,74.9,,40.2,23,55.3,0.416,8.39,26.7,0.314,9.97,15.5,0.644,9.81,30.6,14.2,8.39,3.94,15.3,16.8
79,Eastern Illinois,31,12,19,0.387,-12.62,-5.91,,8,12,,7,7,,4,12,,66.5,69,,40.3,23.9,58.1,0.412,5.35,16.8,0.319,13.3,19.6,0.678,11.5,35.3,11.3,8.97,2.74,12.5,18.6
80,Eastern Kentucky,32,18,14,0.563,-3.86,-4.46,,12,6,,10,3,,7,9,,77.8,75.3,,40.6,27.6,65,0.424,9.56,27.6,0.346,13.1,17.5,0.75,13.5,37,13,8.63,3.5,9.84,16.7
81,Eastern Michigan,32,16,16,0.5,-9.21,-5.38,,9,9,,9,5,,6,10,,73.6,76.5,,40.3,26,56.6,0.46,7.53,21.6,0.349,14,19,0.737,10,32.6,12.5,6.97,3.41,13,18
82,Eastern Washington,32,10,22,0.313,-8.85,-2.11,,6,12,,8,6,,2,14,,71.3,75.5,,40,25.6,56,0.456,6.75,20.8,0.325,13.5,17.3,0.778,8.53,30.1,13.7,7.53,3.13,12.5,18.2
83,Elon,33,17,16,0.515,-4.32,-4.94,,8,10,,10,4,,6,9,,73.7,70.2,,40.2,24.9,56.3,0.442,7.85,23.8,0.33,16.1,21.5,0.749,12.6,39.8,12.2,5.15,4.15,12.5,13.5
84,Evansville,32,11,21,0.344,-6.02,0.34,,8,12,,7,9,,4,11,,66,70.7,,40,23.8,55,0.433,6.81,22.5,0.303,11.7,16.7,0.697,7.66,32.9,12.6,6,4.38,11.8,16.5
85,Fairfield,32,12,20,0.375,-14.52,-7.68,,8,12,,8,6,,3,12,,67.5,72.6,,40.2,24.5,60.2,0.407,7.19,22.8,0.316,11.3,15.6,0.726,11,32.9,12.6,6.81,3,10.3,16.3
86,FDU,33,13,20,0.394,-11.96,-8.06,,8,8,,9,5,,4,15,,73.7,73.2,,40.6,25.7,59,0.436,8.33,24.8,0.336,13.9,19.5,0.711,9.73,33.9,13.6,6.94,2.7,11.7,16.1
87,Florida ,40,36,4,0.9,27.78,12.6,,14,4,,15,1,,7,3,,84.8,69.6,,40,29.6,62.8,0.471,9.75,27.4,0.356,15.9,21.9,0.728,13.7,41.8,15.5,7.4,4.47,11.1,17.1
88,Florida A&M,31,14,17,0.452,-13.37,-6.03,,10,8,,9,3,,4,13,,72.1,75.3,,40.1,24.5,55.5,0.44,9,26,0.346,14.2,19.9,0.713,9.55,34.1,12.6,5.23,3.23,13.7,17.7
89,Florida Atlantic,34,18,16,0.529,3.72,1.96,,10,8,,8,6,,6,7,,78.7,75.6,,40.4,28.1,60.6,0.463,8.71,24.7,0.352,13.9,20,0.697,11.1,36.9,16.1,6.26,4.32,11.5,17.2
90,Florida Gulf Coast,34,19,15,0.559,-2.89,-4.92,,13,5,,11,5,,7,9,,72.2,69.7,,40,27.5,58.5,0.469,7.94,22.5,0.353,9.29,13.6,0.685,9.91,35.5,14,5.53,2.29,10.6,14.9
91,Florida International,33,10,23,0.303,-6.72,-1.66,,3,15,,7,8,,1,13,,69.2,72.1,,40.6,24.9,58.5,0.425,5.09,17.7,0.287,14.4,20.4,0.707,11.5,35.1,12.2,9,4.64,13.7,17
92,Florida State,32,17,15,0.531,8.43,6.43,,8,12,,11,5,,2,9,,74.5,72.5,,40.2,26.1,57.4,0.454,6.13,19.3,0.317,16.2,22.6,0.717,10.2,34.6,13,7.59,4.75,12.3,19.1
93,Fordham,33,12,21,0.364,-4.44,0.59,,3,15,,8,8,,2,10,,74.3,78,,40.5,25.8,60.8,0.423,8.24,25.3,0.325,14.5,20.2,0.719,12.1,36.3,13.7,7.58,3.48,13.2,18.7
94,Fresno State,32,6,26,0.188,-5.6,4.4,,2,18,,5,9,,1,14,,70.7,80.7,,41.1,24.4,60.2,0.406,6.66,21.3,0.313,15.2,21.9,0.692,10.6,34.8,10.8,7.56,3.22,12.9,15.4
95,Furman,35,25,10,0.714,-0.15,-3.27,,11,7,,13,3,,9,6,,77.2,69.8,,40.4,26.5,57.8,0.458,10.9,29.6,0.366,13.4,19.5,0.687,10.5,36.3,16.9,6.54,3.26,11.2,14.9
96,Gardner-Webb,31,11,20,0.355,-8.21,-3.86,,5,11,,5,6,,3,13,,73.8,78.1,,40,26.6,57.3,0.464,6.26,19,0.33,14.4,20.7,0.692,11.5,36.4,10.5,5.19,3.26,14.6,18.8
97,George Mason,36,27,9,0.75,7.2,0.83,,15,3,,18,2,,7,6,,71.2,63.8,,40.8,24.1,53,0.455,6.94,19.6,0.355,16,22.4,0.714,10.1,36.4,12.7,7.56,3.28,12.9,16.5
98,George Washington,34,21,13,0.618,2,-1.7,,9,9,,13,4,,5,6,,73.2,68.4,,40.4,25,56.1,0.446,7.44,23.5,0.317,15.7,22.6,0.694,10.8,35,13.9,8.88,3.06,12.6,15
99,Georgetown,34,18,16,0.529,8.18,5.77,,8,12,,14,5,,3,9,,72,69.6,,40,26.8,60.6,0.442,7.47,23.1,0.323,10.9,15.5,0.704,11.3,35.2,14.1,7.88,3.68,11.6,15.6
100,Georgia ,33,20,13,0.606,16.36,10.94,,8,10,,15,3,,3,7,,75.3,69.9,,40,26.1,56.7,0.46,6.91,21,0.329,16.3,22.7,0.717,11.8,36.5,12.5,7.76,5.12,12.9,16.6
101,Georgia Southern,33,17,16,0.515,-7.53,-5.47,,8,10,,11,3,,4,11,,74.2,75.9,,40.6,26.9,62.5,0.43,9.48,27.6,0.343,11,16.7,0.658,12.8,37.4,13.6,7.88,3.73,13.5,19.6
102,Georgia State,33,14,19,0.424,-7.51,-3.01,,8,10,,9,6,,3,11,,75.1,78.3,,40.2,27.2,60.5,0.449,7.06,20.5,0.345,13.6,19.9,0.686,11.9,38,12.2,5.24,2.94,11.8,15.8
103,Georgia Tech,34,17,17,0.5,6.3,5.89,,10,10,,14,6,,2,9,,73.1,72.7,,40.6,26.4,60.1,0.439,7.59,22.1,0.343,12.7,18.4,0.687,10.9,37.1,14.8,5.91,3.71,12.2,15.8
104,Gonzaga ,35,26,9,0.743,23.75,7.27,,14,4,,13,2,,8,2,,86.4,69.9,,40.4,31.7,63.2,0.501,7.51,21.2,0.354,15.6,19.4,0.804,11,38.3,19.7,7.46,2.97,9.54,16.8
105,Grambling,34,12,22,0.353,-12.44,-7.57,,7,11,,6,7,,4,12,,66.8,67.7,,40.3,23.5,54.8,0.429,6.44,19.1,0.338,13.3,18.2,0.729,8.82,33.7,11.4,6.68,3.71,12.7,16.4
106,Grand Canyon ,34,26,8,0.765,4.97,-2.63,,13,3,,16,1,,5,4,,78.3,69.5,,40.1,26.6,58.5,0.456,6.21,19.9,0.312,18.8,25.7,0.731,11.2,37.2,13.8,9.18,5.15,13.2,17.5
107,Green Bay,32,4,28,0.125,-13.21,-2.53,,2,18,,3,11,,1,17,,69.9,80.3,,40.2,23.2,53.6,0.432,8.09,24.6,0.329,15.4,19.7,0.784,6.16,29.9,14,4.91,2,12.5,18.2
108,Hampton,33,17,16,0.515,-5.21,-4.01,,8,10,,10,4,,4,9,,72.5,70,,40.2,25.9,60.9,0.426,7.48,22.5,0.333,13,18.3,0.712,13.2,36.2,11.8,7.52,3.03,10.8,18.2
109,Harvard,27,12,15,0.444,-7.89,-3.92,,7,7,,7,5,,5,10,,68.4,72,,40.2,25.1,56.7,0.443,7.3,22.6,0.322,10.9,14.1,0.767,8.3,31.6,13.7,7.37,2.85,11.9,14.2
110,Hawaii,31,15,16,0.484,-3.57,-1.02,,7,13,,13,7,,2,9,,70.1,71.2,,40.3,24,53.5,0.449,6.55,20.5,0.32,15.5,21,0.738,9.94,35.6,11.9,3.55,2.35,13.5,17.7
111,High Point ,35,29,6,0.829,5.3,-5.19,,14,2,,16,1,,7,3,,81.7,68.9,,40.1,28.6,58,0.492,8.29,22.8,0.363,16.2,21.3,0.761,11.1,36.1,13,6.11,2.86,10.4,18.1
112,Hofstra,33,15,18,0.455,-4.97,-3.88,,6,12,,6,7,,5,9,,66.7,64.9,,40.6,24.1,56.4,0.427,8.27,24.3,0.34,10.3,14.5,0.715,8.79,35.5,13.5,5.94,3.94,11.2,17.6
113,Holy Cross,32,13,19,0.406,-12.54,-7.37,,5,13,,7,6,,4,13,,69.6,72.1,,40.3,25.8,56.4,0.456,9.13,23.6,0.387,8.97,12.4,0.721,7.47,32.6,12.4,4.63,2.88,11.9,13.8
114,Houston ,40,35,5,0.875,28.45,13.45,,19,1,,16,1,,10,0,,73.7,58.6,,40.6,26.8,59.6,0.449,8.15,20.7,0.394,12,16.2,0.74,12.8,36.9,12.1,7.75,4.6,9,16.3
115,Houston Christian,32,12,20,0.375,-8.17,-2.97,,9,11,,8,7,,4,12,,66,69.4,,40,23.2,54.8,0.423,7.84,24,0.326,11.8,17.1,0.687,9.25,31.3,10.9,7.88,3.59,11.7,13.6
116,Howard,32,12,20,0.375,-12.02,-6.88,,7,7,,8,6,,3,11,,77.5,79.3,,40.3,26.7,57.4,0.465,8.53,22.9,0.372,15.6,21.1,0.739,10,34.1,15.8,5.63,3.03,14.9,19.1
117,Idaho,33,14,19,0.424,-8,-3.49,,8,10,,8,6,,5,11,,73.6,75.5,,40.2,24.9,56.7,0.44,9.33,26.8,0.348,14.4,19.2,0.751,10.2,33.7,12.3,5.88,2.82,11.8,17.8
118,Idaho State,30,15,15,0.5,-3.95,-4.02,,10,8,,10,4,,5,10,,74.3,70,,40.2,26,60.3,0.431,7.37,22.7,0.325,15,20.3,0.742,14.1,38.1,13.3,6.03,4.5,10.7,16.5
119,Illinois ,35,22,13,0.629,21.59,12.79,,12,8,,13,4,,5,5,,83.6,74.8,,40.3,28.7,63.8,0.451,9.43,30.1,0.313,16.7,21.9,0.762,12.9,42.6,14.9,4.29,4.2,11.7,16.2
120,Illinois State,36,22,14,0.611,1.91,-0.57,,10,10,,12,4,,5,7,,75.8,71.8,,40.1,26.6,55.1,0.482,9.78,26,0.376,12.9,17.2,0.749,7.72,32.3,14.4,5.56,1.78,10.5,16.7
121,Illinois-Chicago,31,17,14,0.548,-0.63,0.58,,10,10,,9,5,,7,6,,76,73.7,,40.6,26.8,58.9,0.455,8.06,23.1,0.349,14.4,20,0.719,10.6,36.1,15.4,6.77,3.13,12.1,17.7
122,Incarnate Word,36,19,17,0.528,-5.61,-5.23,,9,11,,11,5,,4,10,,73.9,69.7,,40.3,27.3,58.3,0.468,7.75,20.9,0.371,11.6,16.9,0.685,11.9,35.1,12.3,6.94,3.72,11.5,16.7
123,Indiana,32,19,13,0.594,14.63,12,,10,10,,14,4,,4,6,,74.7,72,,40.2,27.2,59.4,0.458,6.34,19.8,0.321,13.9,19.7,0.706,10.9,36.4,15.9,5.81,3.34,11.6,16.6
124,Indiana State,32,14,18,0.438,-3.15,-0.65,,8,12,,8,6,,4,9,,80.1,79.5,,40.5,27.4,58.9,0.465,10.1,29.1,0.347,15.2,20.3,0.749,9.19,35.6,15.7,6.84,2.22,14,18.3
125,Iona,34,17,17,0.5,-8.58,-7.78,,12,8,,7,7,,7,7,,69.7,70.5,,40.3,25.6,61,0.42,6.74,21.2,0.318,11.6,17,0.685,14.6,37,14.5,9.62,2.82,14.4,18.3
126,Iowa,33,17,16,0.515,12.85,10.06,,7,13,,12,6,,2,8,,82.5,79.7,,40.2,30.6,62.6,0.49,9.76,25.7,0.38,11.5,16.2,0.705,8.67,32,18.3,6.64,4.18,9.79,15.4
127,Iowa State ,35,25,10,0.714,22.33,10.33,,13,7,,15,2,,6,5,,80.3,68.3,,40.6,28.1,58.1,0.483,7.66,21.4,0.358,16.6,22,0.753,10.3,35.4,15,9.29,3.43,12,16.2
128,IU Indy,32,10,22,0.313,-11.52,-4.24,,6,14,,6,8,,4,12,,75.1,76.8,,40.2,25.1,58.5,0.429,10.3,27.4,0.374,14.6,19.8,0.741,11.4,33.5,13.6,6.22,2,10.3,17.5
129,Jackson State,34,16,18,0.471,-9.39,-6.24,,14,4,,8,1,,6,15,,71.4,74.6,,40.6,24.6,58.2,0.422,6.38,19.6,0.326,15.9,21.8,0.73,10.9,36.6,12.2,7.15,3.38,13.9,16.5
130,Jacksonville,33,19,14,0.576,-4.29,-3.8,,12,6,,11,3,,7,9,,72.1,71.5,,40.2,26.5,60,0.441,7.3,20.3,0.359,11.8,17.5,0.674,12.7,36.4,13.8,7.76,4.36,13.3,17.5
131,Jacksonville State,36,23,13,0.639,1.76,0.12,,12,6,,12,2,,8,8,,73.7,68.4,,40.3,26.1,58.6,0.446,7.67,21.9,0.351,13.8,18.4,0.752,11,38.4,11.7,5.06,3.53,10.1,13.7
132,James Madison,32,20,12,0.625,-1.72,-2.68,,13,5,,13,2,,5,8,,73.9,70.5,,40.3,25.7,58.6,0.439,8.97,25.9,0.346,13.5,17.9,0.754,11.3,35.7,11.7,6.06,3.16,10.5,16.3
133,Kansas ,34,21,13,0.618,20.09,13.56,,11,9,,14,3,,4,8,,76.1,69.6,,40.4,28.9,61.6,0.47,7.44,21,0.354,10.8,15,0.716,10.6,38.5,17.7,6.21,4.71,11.8,14.3
134,Kansas City,33,13,20,0.394,-5.66,-3.04,,4,12,,9,5,,2,12,,72.3,67.2,,40,24.7,57.5,0.43,8.79,25.6,0.343,14.1,18.5,0.762,11.9,35.4,12.3,7.39,3.21,11.9,16.7
135,Kansas State,33,16,17,0.485,10.89,9.67,,9,11,,10,6,,3,9,,70.8,69.6,,40.2,25.9,58.9,0.441,7.7,23.7,0.325,11.2,16.3,0.691,10.3,33.9,15.3,7.39,3.45,12.1,15.6
136,Kennesaw State,33,19,14,0.576,0.5,0.83,,10,8,,12,3,,5,8,,76.5,73.2,,40.3,26,60.5,0.429,8.61,27.7,0.31,16,22.2,0.719,12.5,40.3,13.3,6.61,4.24,13.7,18.7
137,Kent State,36,24,12,0.667,1.42,-2.67,,11,7,,11,4,,10,6,,73.5,68.3,,40.1,26.4,60.6,0.436,7.19,22.5,0.319,13.6,18.2,0.745,12.8,37.1,12.4,7.5,3.11,11.7,18.1
138,Kentucky ,36,24,12,0.667,21.26,14.04,,10,8,,15,3,,4,6,,84.4,77.2,,40.1,29.6,61.4,0.482,9.47,25.3,0.375,15.8,21.6,0.731,9.89,38,16.9,6.92,4.03,10.9,17.2
139,La Salle,33,14,19,0.424,-3.64,1.02,,5,13,,10,5,,2,10,,72,74.7,,40.2,25.6,62,0.413,6.97,20.8,0.336,13.8,19,0.726,11.9,36.9,11.8,7.21,3.55,10.7,15.8
140,Lafayette,33,13,20,0.394,-10.19,-8.35,,7,11,,10,6,,3,14,,68.5,68.9,,40.5,24.5,56.2,0.436,7.79,22.8,0.341,11.7,17.1,0.684,8.61,33.4,14.7,5.82,3.48,11,15.5
141,Lamar,33,20,13,0.606,-2.17,-2.64,,14,6,,10,4,,9,6,,69.9,65.8,,40.2,25.6,60,0.427,6.97,19.8,0.352,11.7,17,0.687,13.4,38.7,15,7.45,5,12.5,15.3
142,Le Moyne,32,9,23,0.281,-17.81,-8.35,,4,12,,6,7,,2,16,,74.1,80.2,,41.1,25.8,56.3,0.458,7.91,23.3,0.339,14.6,20.7,0.704,9.06,32.8,14.2,6.94,2.16,13.9,19.2
143,Lehigh,30,11,19,0.367,-10.29,-6.71,,6,12,,8,5,,3,14,,70.3,71.4,,40.3,25.3,56.1,0.451,7.87,21.2,0.37,11.9,17.5,0.683,7.33,31.6,13.4,5.8,2.1,10.7,16.2
144,Liberty ,35,28,7,0.8,7.42,-0.99,,13,5,,12,3,,9,2,,75.9,63.4,,40.1,27.4,56,0.489,10.5,27.4,0.383,10.6,16.1,0.658,6.49,32.9,16.8,6.6,2.94,10.1,13.4
145,Lindenwood,33,16,17,0.485,-13.17,-7.27,,10,10,,11,3,,3,12,,71.2,71.3,,40.6,25.4,60.1,0.422,5.82,20.5,0.283,14.6,21.5,0.68,11.5,36.5,11.2,8.39,4.03,12.6,16.2
146,Lipscomb ,35,25,10,0.714,4.39,-4.43,,14,4,,15,3,,10,6,,78.6,67.7,,40.1,27.4,58.1,0.471,9.83,27.5,0.357,14.1,17.7,0.794,8.2,35.5,15.1,6.91,2.97,9.74,12.5
147,Little Rock,33,19,14,0.576,-6.86,-7.67,,12,8,,9,5,,9,7,,69.3,67.2,,40.3,25.5,57.4,0.445,6.52,17.7,0.369,11.7,16.6,0.704,10.4,33.7,13.5,9.03,5.21,13.9,17.1
148,Long Beach State,32,7,25,0.219,-10.29,-0.53,,3,17,,3,11,,4,11,,67.3,74.2,,40.5,23,53.1,0.433,6.81,19.5,0.349,14.4,19.1,0.756,9.5,31.9,11.4,5.69,3,14.4,18.3
149,Long Island University,33,17,16,0.515,-10.97,-9.97,,12,4,,10,5,,7,9,,67.7,65.3,,40.8,25.2,57.9,0.435,6.09,19.7,0.31,11.3,15.7,0.718,11.6,35.5,11.8,8.15,3.55,13,18.9
150,Longwood,32,18,14,0.563,-4.63,-5.04,,7,9,,12,4,,5,7,,78.3,74.1,,40,26.5,57.2,0.463,6.44,19.4,0.332,18.9,26,0.727,11.3,34.7,13.3,7.63,2.03,12.5,18.4
151,Louisiana,33,12,21,0.364,-10.7,-2.33,,8,10,,5,12,,6,5,,65.4,73,,40.3,22.9,57.5,0.399,6.76,21.8,0.31,12.8,17.5,0.729,9.58,30.7,10.3,7.36,2.88,10.8,17.5
152,Louisiana State,32,14,18,0.438,9.93,9.68,,3,15,,11,7,,2,8,,73.8,73.6,,40.5,26.2,58.9,0.445,7.81,25.6,0.305,13.7,19.1,0.714,10.3,35.7,12.8,7.09,4.72,13.1,16.8
153,Louisiana Tech,32,20,12,0.625,1.45,-0.72,,9,9,,11,4,,5,7,,73.9,68.4,,40.6,25.9,55.6,0.466,7.75,22.8,0.34,14.3,19,0.75,9.59,36.4,15.2,6.41,4.09,12.6,15.8
154,Louisiana-Monroe,32,7,25,0.219,-15.1,-4.3,,3,15,,5,11,,2,12,,68.9,75.5,,40.3,24.4,60,0.407,6.81,20.6,0.331,13.2,18.5,0.713,11.3,36.1,12.9,7.13,2.38,11.7,14
155,Louisville ,35,27,8,0.771,18.49,9.49,,18,2,,14,3,,9,2,,78.5,69.5,,40.1,27.1,59.7,0.454,9.37,28.5,0.328,15,20.1,0.746,11.1,37.3,13.9,6.37,2.86,11.3,15.6
156,Loyola (IL),37,25,12,0.676,3.41,0.19,,12,6,,17,1,,7,5,,73.5,69,,40.4,26.3,57.4,0.458,8.51,24.6,0.346,12.5,18.5,0.675,9.92,35.3,16,6.19,4.62,11.8,17.7
157,Loyola (MD),31,12,19,0.387,-11.85,-8.48,,6,12,,7,7,,5,12,,69.2,71.1,,40.2,25,57.4,0.436,7.39,22.7,0.325,11.8,16.9,0.697,10,33.4,13.7,7.19,2.87,12,15.3
158,Loyola Marymount,32,17,15,0.531,1.2,2.94,,8,10,,11,6,,3,8,,71.2,71.6,,40,25.7,58.4,0.44,7.88,23.6,0.334,12,16.6,0.724,7.84,33.4,13.2,5.78,3.94,10.4,16.5
159,Maine,34,20,14,0.588,-6.58,-8.4,,10,6,,10,3,,8,11,,70.9,66.1,,40.1,26.3,56.7,0.463,6.62,18.6,0.355,11.7,15.9,0.734,7.44,30.3,14.8,9.06,3.65,10.4,15
160,Manhattan,31,17,14,0.548,-7.67,-8.37,,12,8,,9,5,,8,7,,76.3,75.1,,40.8,26.5,60.3,0.439,8.58,25,0.343,14.8,19.3,0.768,11.9,36.7,14.9,6.32,2.45,11.6,14.2
161,Marist,30,20,10,0.667,-8.95,-10.45,,13,7,,11,4,,9,5,,66,64.5,,40.5,25.1,57.1,0.44,6.73,21.4,0.314,9.03,12.8,0.708,10.3,36,14,5.77,3.43,11.9,14.9
162,Marquette ,34,23,11,0.676,18.19,10.37,,13,7,,14,3,,7,6,,76.6,68.7,,40.3,27.7,62.4,0.444,9.44,29,0.326,11.6,16.2,0.72,10.9,34.1,13.7,8.97,3.65,9.35,16
163,Marshall,33,20,13,0.606,-2.26,-4.52,,12,6,,14,3,,5,9,,75.7,71.7,,40.2,26.8,60.7,0.441,7.88,24.5,0.322,14.3,20.7,0.693,12.5,37.5,14.6,6.64,5.45,11.6,19.3
164,Maryland ,36,27,9,0.75,23.33,9.41,,14,6,,17,2,,5,5,,81.1,67.2,,40.2,28.9,61.4,0.47,8.11,21.7,0.373,15.3,20.3,0.75,10.6,36.3,14.2,7.89,4.47,10.1,15.3
165,Maryland-Baltimore County,32,13,19,0.406,-11.56,-8.21,,5,11,,8,9,,5,10,,80,78.8,,40.6,29,59.9,0.485,8.97,23.2,0.387,12.9,18.7,0.692,7.44,32.1,14.7,7.34,2.66,11.4,15.3
166,Maryland-Eastern Shore,31,6,25,0.194,-20.65,-4.47,,2,12,,5,7,,1,17,,67.4,77.7,,40,23.8,56.1,0.424,6.77,20.6,0.329,13,19.6,0.664,9.9,32.9,11.6,5.32,2,13.4,18
167,Massachusetts,32,12,20,0.375,-3.08,0.15,,7,11,,8,8,,4,7,,72.9,75,,40.6,26.3,64.2,0.41,5.78,20.6,0.281,14.6,21.9,0.664,14.3,39.7,12.9,7.78,4.84,11.7,18.1
168,Massachusetts-Lowell,32,17,15,0.531,-7.64,-7.6,,6,10,,14,4,,3,11,,79.5,74.1,,40.3,28.6,57.6,0.497,7.06,20,0.354,15.2,19.6,0.772,8.56,35.8,15.4,5.88,4.28,12.5,13.3
169,McNeese State ,35,28,7,0.8,9.14,-1.05,,19,1,,13,1,,10,2,,76.6,64.5,,40,27.5,57.7,0.477,7.51,21.2,0.354,14,20.1,0.697,11.7,36.1,14,9,3.43,10.8,16.3
170,Memphis ,35,29,6,0.829,12.15,5.66,,16,2,,13,2,,11,2,,79.9,73.4,,40.4,28,59.4,0.472,7.43,19.8,0.376,16.4,23.3,0.702,12.2,37.5,14.4,7.74,4.74,13.9,17.8
171,Mercer,33,14,19,0.424,-8.44,-5.11,,6,12,,7,6,,5,11,,76.1,75.3,,40.5,27.8,64,0.435,8.27,25.7,0.322,12.1,18.5,0.655,11.7,39.3,13.2,8.42,2.64,12.1,16.6
172,Mercyhurst,31,15,16,0.484,-15.65,-9.68,,9,7,,11,2,,4,14,,67.9,69.9,,40.5,23.7,54.9,0.432,6.9,19.7,0.351,13.6,16.9,0.802,7.58,27.4,13.5,7.32,2.16,10.8,16.7
173,Merrimack,33,18,15,0.545,-4.65,-6.04,,14,6,,8,5,,9,8,,65.6,64.2,,40.3,23.8,56.4,0.423,7.97,24.2,0.33,9.97,13.8,0.723,7.03,28.2,11.8,9.48,3.76,9,15.7
174,Miami (FL),31,7,24,0.226,0.38,7.03,,3,17,,7,10,,0,10,,74,80.6,,40.3,27.4,59.6,0.459,7.19,23,0.313,12,15.7,0.764,9.45,31.5,12.9,6.39,3.42,10.9,14.4
175,Miami (OH),34,25,9,0.735,-0.92,-5.36,,14,4,,15,1,,6,7,,80.6,72.7,,40.1,29,60.2,0.481,10.7,26.9,0.397,12,16.5,0.724,9.38,34.1,16.2,8,3.53,12.1,17.7
176,Michigan ,37,27,10,0.73,20.21,13.69,,14,6,,13,3,,7,3,,78,71.5,,40.3,27.3,58.4,0.468,8.14,24.5,0.332,15.2,20.9,0.728,11.1,38.4,15.8,5.35,3.65,14,17.1
177,Michigan State ,37,30,7,0.811,22.43,11.89,,17,3,,15,1,,8,2,,77.7,67.1,,40.1,27.1,59.2,0.458,6.05,19.5,0.311,17.4,22.4,0.779,11.9,39.8,16.6,5.3,4.57,11.4,16.7
178,Middle Tennessee,34,22,12,0.647,2.52,1.02,,12,6,,11,5,,8,5,,76.7,72.5,,41,27.8,61.3,0.453,7.62,24.1,0.316,13.5,20.1,0.67,11.6,38.4,12.6,6.59,4.35,11.5,17.3
179,Milwaukee,32,21,11,0.656,0.35,-3.79,,14,6,,13,3,,7,8,,78.4,71.7,,40.3,28.3,60.6,0.468,5.91,19.2,0.308,15.8,23.2,0.684,14.4,39.2,14.3,7.69,3.28,13.2,17.6
180,Minnesota,32,15,17,0.469,8.48,10.14,,7,13,,10,9,,5,5,,68.1,69.7,,40.8,24.9,56.4,0.441,6.53,20.3,0.322,11.8,17.8,0.664,10.5,33.9,15.3,6.03,4.72,10.8,17.5
181,Mississippi ,36,24,12,0.667,18.28,12.8,,10,8,,13,3,,5,6,,77.2,71.7,,40.3,26.6,59.9,0.445,8.33,24,0.348,15.6,21.1,0.738,9.19,33.1,14.2,8.75,3.72,9,18.3
182,Mississippi State ,34,21,13,0.618,17.14,11.79,,8,10,,10,5,,6,5,,79.5,74.2,,40.4,28.6,63.1,0.452,8.47,26.9,0.314,13.9,19.9,0.701,12.8,37.9,15.2,9.12,4.47,10.7,17.4
183,Mississippi Valley State,31,3,28,0.097,-34.6,-4.77,,1,17,,2,9,,1,19,,54.1,80.8,,40,19.7,50.6,0.389,4.52,15.3,0.296,10.3,15.5,0.66,7.68,28,8.32,6,1.94,16.2,16.4
184,Missouri ,34,22,12,0.647,19.49,9.49,,10,8,,18,2,,3,7,,83.6,73.6,,40.1,27.6,57.3,0.482,8.71,23.7,0.367,19.7,27,0.73,11,34,13.7,9.35,2.62,10.9,18.2
185,Missouri State,32,9,23,0.281,-3.94,0.52,,2,18,,7,8,,1,12,,68,70.9,,41.1,24.3,54.2,0.447,7.13,20,0.357,12.3,18.8,0.656,10.4,32.7,12.2,7.38,2.59,13.7,18.1
186,Monmouth,33,13,20,0.394,-8.14,-3.11,,10,8,,8,2,,4,14,,70.3,75.4,,40.5,23.8,57.8,0.411,7.06,20,0.352,15.8,21.2,0.742,10.8,34.1,11.8,5.91,4.45,11,17.9
187,Montana ,35,25,10,0.714,-1.45,-1.6,,15,3,,15,1,,7,8,,76.6,73.3,,40.1,27.5,55.3,0.498,7.31,20.5,0.358,14.2,19.3,0.736,7.23,31.7,13.5,6.26,3.2,10.9,16.1
188,Montana State,33,15,18,0.455,-2.77,-2.71,,9,9,,11,3,,3,14,,71.3,69.6,,40.2,25.3,55.6,0.455,8.18,24,0.34,12.5,17.3,0.725,6.97,31.3,13.2,6.36,3.61,9.94,16
189,Morehead State,32,15,17,0.469,-13.65,-7.52,,10,10,,9,5,,6,10,,66.1,68.7,,40.2,23.2,55.6,0.417,5.94,19.2,0.309,13.9,20.6,0.675,11.3,36.6,11.5,5.59,2.56,11.8,15.8
190,Morgan State,32,14,18,0.438,-15.13,-8.55,,7,7,,11,4,,2,13,,80,80.8,,40.5,29.6,62.1,0.477,4.63,13.6,0.34,16.1,22.1,0.728,12.4,37.3,12.9,6.94,4.66,13.5,18.6
191,Mount St. Mary's ,36,23,13,0.639,-7.91,-6.48,,12,8,,10,4,,9,8,,70.1,70.5,,40.6,24.7,55.9,0.441,7.92,23,0.345,12.8,17.4,0.736,10.2,37.5,14.9,6.03,2.75,14.9,15.6
192,Murray State,33,16,17,0.485,0.81,0.4,,9,11,,7,5,,6,8,,71.8,69.2,,40.9,23.9,55.2,0.433,7.61,22.1,0.344,16.4,22.8,0.722,10,34,11.9,6.67,3.03,11.4,17.4
193,Navy,34,15,19,0.441,-9.9,-8.78,,10,8,,9,5,,6,12,,70.8,70.4,,40.1,24.6,58.2,0.423,7.32,21.7,0.338,14.2,19.4,0.732,11.3,35.8,13.3,6.53,2.68,10.8,16.4
194,NC State,31,12,19,0.387,5.56,6.36,,5,15,,12,6,,0,11,,69.6,70.4,,40.2,24.6,58,0.425,6.74,21,0.322,13.6,18.7,0.726,10.3,32,12.7,6.45,3.81,9.52,16.6
195,Nebraska,35,21,14,0.6,13.86,10.46,,7,13,,10,6,,5,7,,76,72.6,,40.6,26.5,58.1,0.456,7.51,22.4,0.335,15.5,20.6,0.749,9.23,35.4,14.2,7.17,2.94,11.3,15.6
196,Nevada,33,17,16,0.515,9.44,5.25,,8,12,,11,6,,3,8,,72.3,68.1,,40.3,25.6,54.1,0.473,6.91,20.3,0.341,14.2,20.2,0.703,8.67,32.5,15.1,6.21,3.61,10.2,17.5
197,Nevada-Las Vegas,33,18,15,0.545,6.65,5.53,,11,9,,12,5,,5,7,,69.2,68.1,,40,24.3,55.3,0.44,6.36,19.1,0.333,14.2,19.8,0.717,9.27,33.9,12.1,6.55,3.64,10.7,15.9
198,New Hampshire,32,8,24,0.25,-19.8,-7.47,,6,10,,6,7,,2,15,,66.4,76.6,,40,24.1,58.5,0.412,7.78,23.9,0.325,10.3,15.7,0.659,10.3,34.3,11.2,5.66,2.38,13.3,16.5
199,New Mexico ,35,27,8,0.771,15.2,6.52,,17,3,,16,1,,7,4,,80.5,70.6,,40.3,28.9,62.8,0.46,6.94,20,0.347,15.9,23.1,0.689,12,38.9,14.9,8.74,4.97,11.4,17.5
200,New Mexico State,32,17,15,0.531,0.86,0.41,,10,8,,9,6,,8,6,,69.7,65.9,,40.2,24.6,59.2,0.415,7.13,22.2,0.321,13.3,19.8,0.675,11.8,37.4,11.7,6.38,2.31,10.9,18.5
201,New Orleans,31,4,27,0.129,-15.16,-0.61,,2,18,,0,11,,3,15,,67.9,82.5,,40.4,24.5,59.4,0.412,5.55,18.2,0.304,13.5,20.1,0.669,12.1,35.6,12.3,7.29,2.61,13.2,15
202,Niagara,31,11,20,0.355,-12.79,-8.56,,6,14,,6,7,,3,13,,68.5,71.4,,40.5,24.1,53.5,0.45,8.1,22.9,0.353,12.2,16.5,0.739,7.52,30.7,12.6,6.23,2.23,12.3,15.7
203,Nicholls State,33,20,13,0.606,-2.13,-2.46,,13,7,,11,4,,8,8,,74,69.6,,40.3,26.3,61.4,0.428,7.64,22.1,0.346,13.8,20.2,0.685,12,37.8,11.3,8.06,3.91,10.6,17.2
204,NJIT,31,6,25,0.194,-17.92,-7.85,,3,13,,4,9,,1,16,,65.3,73.2,,40.2,23.4,58.5,0.4,6.84,22.2,0.308,11.6,15.8,0.731,10.7,35.5,10.1,4.77,3.68,12.1,18.4
205,Norfolk State ,35,24,11,0.686,-3.72,-6.65,,11,3,,11,1,,8,9,,77,69.7,,40.3,27.7,56.7,0.488,5.29,16.2,0.326,16.4,21.7,0.757,10.2,34.5,13.8,6.97,3,12.4,17.8
206,North Alabama,35,24,11,0.686,1.02,-5.5,,14,4,,16,1,,7,10,,78.7,70.6,,40.3,28.5,62.4,0.457,7.63,21.7,0.351,14,19.7,0.709,12.4,38.2,12.1,7.51,3.29,8.86,14.9
207,North Carolina ,37,23,14,0.622,17.27,11.22,,13,7,,12,3,,6,6,,80.7,74.7,,40.3,28.6,60.3,0.475,7.97,22.4,0.356,15.5,20.9,0.741,9.78,36.7,14.8,5.97,3.65,10.7,16.9
208,North Carolina A&T,32,7,25,0.219,-13.28,-4.31,,3,15,,5,9,,2,15,,69.2,76.2,,40,24.7,60.5,0.408,6.72,22.1,0.304,13,18.9,0.686,10.7,35.9,11.2,6.16,3,10.6,15.1
209,North Carolina Central,33,14,19,0.424,-12.91,-8.05,,6,8,,10,4,,2,13,,78.8,75.8,,40.6,27.7,60.4,0.459,7.33,20.9,0.35,16,23,0.696,13.2,33.5,15.8,8.36,2.39,13.2,19.9
210,North Dakota,33,12,21,0.364,-7.39,-1.49,,5,11,,8,6,,2,12,,77.3,79.5,,40,27.2,62.7,0.435,8.21,25.2,0.326,14.6,20.6,0.708,13.2,37.7,12.3,5.7,2.45,11.4,16.6
211,North Dakota State,32,21,11,0.656,1.11,-3.58,,10,6,,11,4,,8,6,,81.1,74.6,,40.5,27.2,57.1,0.477,11.9,29.8,0.398,14.8,19.1,0.775,8.94,34.7,15,3.66,1.84,10.4,14.9
212,North Florida,32,15,17,0.469,-8.48,-3.74,,8,10,,8,6,,7,10,,82.8,84.8,,40.5,29.5,66.4,0.444,12.8,35.8,0.357,11.1,16.2,0.685,11.2,35.8,16.3,6.31,3.25,11.2,17.9
213,North Texas,36,27,9,0.75,7.7,0.84,,14,4,,17,1,,8,5,,68,60.1,,40,23.4,52.3,0.447,6.89,19.1,0.362,14.3,18.6,0.77,10.3,32.9,10.4,7.53,2.53,10.3,14.9
214,Northeastern,32,17,15,0.531,-4.64,-5.08,,9,9,,8,5,,7,8,,70.1,69.7,,40,26.1,57.8,0.452,6.78,20.1,0.337,11.1,16.2,0.687,10.6,34.1,13,7.56,4.72,12.5,16.1
215,Northern Arizona,34,18,16,0.529,-6.53,-5.73,,8,10,,10,5,,7,8,,75.9,71.6,,40,28.1,61.7,0.455,8.09,23.1,0.35,11.6,17.6,0.66,12,37.5,14.9,6.12,1.5,10.1,15.9
216,Northern Colorado,35,25,10,0.714,1.1,-3.84,,15,3,,13,2,,9,7,,80.6,72.7,,40.4,29.3,57.7,0.507,8.4,22.1,0.38,13.7,18.9,0.724,8.29,34.4,15.8,6.11,2.34,11,17.4
217,Northern Illinois,31,6,25,0.194,-16.6,-4.52,,2,16,,5,10,,1,15,,70.9,76.9,,40.5,24.4,59.5,0.41,9.52,28.5,0.334,12.6,17.9,0.705,7.39,32.8,12.5,6.13,3.55,11.5,19.7
218,Northern Iowa,33,20,13,0.606,5.24,0.46,,14,6,,14,3,,5,6,,73.3,67.4,,40.2,26.4,54.3,0.487,7.15,19.5,0.366,13.3,19.1,0.695,8.03,33,13.9,5.94,3,10.5,14.7
219,Northern Kentucky,33,17,16,0.515,-4.79,-3.14,,11,9,,12,6,,5,10,,71.8,72,,40.6,25.8,59,0.438,7.82,23.4,0.334,12.4,18.5,0.669,11.3,33.6,14.2,7.76,3.21,12,16
220,Northwestern,33,17,16,0.515,14.4,11.13,,7,13,,12,5,,2,9,,72.4,69.2,,40.6,26.1,59.1,0.441,6.73,20.2,0.333,13.6,18.5,0.733,10.9,33.8,14.5,6.91,3.52,9.97,17.6
221,Northwestern State,32,16,16,0.5,-5.07,-1.44,,12,8,,9,5,,6,10,,67.1,68.9,,40.3,23.6,54.9,0.431,6.97,19.7,0.354,12.8,18,0.715,11.4,35,12.7,6.81,4.25,13.2,15.6
222,Notre Dame,33,15,18,0.455,7.07,6.92,,8,12,,11,5,,3,9,,72.6,72.5,,41.1,25.8,57.2,0.451,7.61,21.5,0.355,13.5,18.2,0.74,9.97,35.1,11.4,5.58,1.76,11.1,15.7
223,Oakland,34,16,18,0.471,-2.67,-0.95,,11,9,,9,4,,6,11,,70.6,71.6,,40.9,25.3,57.9,0.436,7.5,24.6,0.305,12.6,18.1,0.699,12.1,35.4,12.9,6.56,3,11.9,16
224,Ohio,32,16,16,0.5,-2.63,-4.37,,10,8,,12,3,,3,10,,79.8,76.5,,40.3,28.1,59.8,0.469,8.59,24,0.358,15,19.8,0.761,8.16,33.2,14.1,7.22,2.97,10.9,17.5
225,Ohio State,32,17,15,0.531,17.86,12.58,,9,11,,11,6,,4,7,,78.8,73.5,,40.9,27.4,58.9,0.466,8.16,22.2,0.368,15.8,21.1,0.748,9.53,33.7,13.2,6.5,3.59,10.9,19.6
226,Oklahoma ,34,20,14,0.588,14.86,11.22,,6,12,,12,5,,2,7,,78.3,74.6,,40,26.1,55.7,0.468,8.47,23.2,0.365,17.7,22.2,0.795,8.44,32.1,13.4,7.79,2.29,12.1,18.5
227,Oklahoma State,35,17,18,0.486,6.89,10.18,,7,13,,13,4,,3,10,,73,76.3,,40,24.7,57.7,0.428,6.63,20,0.331,17,23.7,0.717,11.2,35.2,12.7,9.06,2.94,13.7,19.4
228,Old Dominion,35,15,20,0.429,-9.71,-4.25,,8,10,,7,9,,5,7,,67.9,71.5,,40.3,24,60.6,0.396,6.23,21.7,0.288,13.7,19.1,0.717,14.3,38.4,10.5,5.51,3.37,11.4,16.7
229,Omaha ,35,22,13,0.629,-1.61,-2.43,,13,3,,11,2,,7,9,,77.3,75.3,,40,26.9,58.6,0.459,8.23,23.1,0.356,15.3,21.3,0.722,10.3,35.8,13.3,5.91,2.34,10.8,18.3
230,Oral Roberts,30,7,23,0.233,-11.71,-0.78,,3,13,,7,7,,0,15,,73.3,78.5,,40.2,24.6,56.4,0.436,9.33,25.8,0.362,14.8,19.7,0.753,8.4,31.3,10.2,4.97,2.33,11.6,17.7
231,Oregon ,35,25,10,0.714,18,12.32,,12,8,,12,4,,7,4,,76.5,70.9,,40.4,27.1,58.9,0.46,7.74,22.5,0.344,14.7,19.4,0.757,10.2,35.8,14.3,7.17,3.71,11.3,16.3
232,Oregon State,33,20,13,0.606,8.62,2.24,,10,8,,15,3,,3,7,,76.2,69,,40.5,26.4,54.7,0.483,7.03,19.4,0.363,16.4,20.8,0.786,9.52,33.7,14.5,6.52,3.06,11,15.8
233,Pacific,33,9,24,0.273,-7.11,2.09,,4,14,,5,10,,2,13,,69.5,75.8,,40.3,24.8,57.1,0.435,6.42,21.4,0.3,13.5,18.6,0.725,10.4,35,12.8,5.7,2.85,13.1,18.5
234,Penn State,31,16,15,0.516,13.57,7.7,,6,14,,11,6,,3,8,,79.1,73.2,,40,27.7,57.8,0.479,7.16,20.9,0.343,16.6,21.9,0.756,9.39,33.7,16,8.06,4.06,12.4,16.5
235,Pennsylvania,27,8,19,0.296,-10.56,-2.74,,4,10,,5,8,,3,10,,69.6,77.4,,40.2,24.7,58.4,0.422,8.44,25.9,0.326,11.8,16.9,0.697,9.67,34.3,13.7,4.93,1.74,11.1,15.3
236,Pepperdine,35,13,22,0.371,-2.82,2.56,,4,14,,7,9,,2,11,,73.1,76.6,,40,26.4,59.4,0.444,7.03,20.6,0.341,13.4,18.7,0.716,10,35,15.9,6.09,2.74,11,15.7
237,Pittsburgh,32,17,15,0.531,13.27,8.24,,8,12,,13,4,,3,9,,75.9,70.8,,40.3,26.1,57.8,0.451,8.28,23.9,0.346,15.5,19.8,0.782,9.81,33.4,13.4,7.28,4.13,9.97,16.4
238,Portland,32,12,20,0.375,-7.29,2.17,,7,11,,9,7,,3,9,,72.9,80.4,,40.6,25.2,57.6,0.437,8.5,24.6,0.345,14.1,18.2,0.777,8.31,33.8,15.5,4.66,3.09,12.8,15.2
239,Portland State,32,19,13,0.594,-4.41,-5.27,,11,7,,13,1,,5,10,,75.6,69.6,,40.2,28.5,60.4,0.473,6.28,19.2,0.327,12.2,19.4,0.63,12.1,36.8,14.6,8.25,4.91,12.7,17.5
240,Prairie View,32,5,27,0.156,-19.3,-7.3,,4,14,,3,7,,2,19,,71.4,82.4,,40,25.6,58.9,0.435,6.31,19.8,0.319,13.9,20.1,0.691,8.84,27.9,12.2,8.09,3.19,11.9,18.9
241,Presbyterian,33,14,19,0.424,-6.68,-4.35,,7,9,,8,5,,4,12,,74.2,70.9,,40.5,27.1,57.9,0.468,7.24,19.7,0.368,12.8,18.3,0.698,10,33.4,13,6.79,3.21,10.6,18
242,Princeton,30,19,11,0.633,-2.85,-2.49,,8,6,,9,4,,7,4,,73.6,72.1,,40,26.4,60.8,0.434,10.5,29.6,0.355,10.4,14.6,0.71,9.7,33.8,15.2,7.37,2.17,10.4,15.5
243,Providence,32,12,20,0.375,7.17,8.33,,6,14,,10,6,,2,9,,71.3,72.5,,40.2,25.2,57.3,0.44,9.28,26.1,0.356,11.6,16.9,0.686,11.3,37.1,12.9,4.97,3.41,12.7,17.2
244,Purdue ,36,24,12,0.667,20.8,13.91,,13,7,,14,2,,5,6,,77.3,70.4,,40,27.4,56.3,0.486,8.25,21.6,0.382,14.3,19.5,0.732,9.78,32.9,15.9,6.39,1.64,10.4,15.8
245,Purdue Fort Wayne,32,19,13,0.594,-1,-4.06,,12,8,,12,2,,6,10,,80.7,74.6,,40.5,28.7,61.1,0.47,10.3,27.8,0.371,13,17.4,0.75,7.59,30.3,13.6,8.69,2.78,9.56,15.7
246,Queens (NC),35,20,15,0.571,-5.41,-4.95,,11,7,,9,5,,9,9,,76.7,74.6,,40.4,26.7,59.3,0.45,9.2,26.3,0.35,14.1,20.6,0.686,11.4,36.8,16,6.51,5.26,12.6,16.5
247,Quinnipiac,33,20,13,0.606,-5.94,-7.72,,15,5,,12,2,,7,10,,73.9,71.5,,40.2,26.2,61.4,0.426,6.88,23.2,0.296,14.7,19.2,0.763,11.8,38.3,13.8,8.24,4.67,12.9,16.3
248,Radford,33,20,13,0.606,-2.72,-3.43,,9,7,,10,3,,7,9,,74,70.1,,40.3,25,54.9,0.454,7.33,20.1,0.364,16.7,21.9,0.763,11.4,35.4,11.3,5.55,3.12,11.3,17.1
249,Rhode Island,31,18,13,0.581,1.06,-0.91,,7,11,,14,3,,1,9,,78,75.1,,40.5,26.7,57.5,0.465,7.61,21.7,0.351,17,24.5,0.694,10,37.4,13.9,5.94,3.35,12.9,16.4
250,Rice,32,13,19,0.406,-2.08,-2.12,,4,14,,7,8,,4,8,,70.3,70.3,,40.3,23.4,55.6,0.421,7.09,21.5,0.33,16.4,24.1,0.681,12.3,38.2,11.8,4.66,3.09,11.8,17.8
251,Richmond,32,10,22,0.313,-5.48,1.45,,5,13,,6,9,,2,11,,66.8,71.9,,40.9,22.8,54.5,0.418,7.81,24.9,0.314,13.4,16.9,0.792,6.5,31.1,11.7,5.97,2.06,10.2,17.5
252,Rider,33,14,19,0.424,-12.06,-7.24,,9,11,,5,7,,8,11,,67,71.8,,40,24.7,57.4,0.43,5.39,17.3,0.312,12.3,17,0.722,11.2,34.3,12.6,5.36,3.09,11.2,14.4
253,Robert Morris ,35,26,9,0.743,0.4,-4.92,,15,5,,16,2,,8,6,,77,71,,40.7,26.7,59.4,0.449,7.54,21.7,0.347,16.1,22.3,0.721,12.5,37.4,16.1,6.4,4.54,12.9,16.7
254,Rutgers,32,15,17,0.469,10.41,10.94,,8,12,,11,5,,3,8,,77,77.6,,40.8,27,60.6,0.446,7.22,22,0.329,15.8,21.9,0.718,11.2,35.3,12.9,7.03,3.91,10.9,17.1
255,Sacramento State,32,7,25,0.219,-14.1,-4.06,,3,15,,5,11,,2,13,,66.2,70.5,,40,23.3,54.4,0.428,8.19,24.9,0.328,11.4,16.9,0.675,9.44,33.4,13.1,5.94,3.03,13.2,18.5
256,Sacred Heart,33,15,18,0.455,-9,-8.41,,10,10,,8,5,,5,11,,75.8,75.2,,40.2,27.1,61.9,0.438,9.64,27.6,0.349,11.9,16.2,0.731,11.8,37.1,16.6,7.36,2.97,12.3,15.8
257,Saint Francis (PA) ,34,16,18,0.471,-12.76,-7.41,,8,8,,10,4,,6,13,,71,71.6,,40.7,26.5,57.4,0.462,8.26,24.2,0.342,9.71,13.4,0.727,8.53,34,14.2,6.24,2.5,12.9,15.2
258,Saint Joseph's,35,22,13,0.629,7.28,0.85,,11,7,,13,5,,4,6,,75.1,68.6,,40.3,25.9,59.1,0.438,9.23,27.5,0.335,14,18.8,0.746,10.6,37.1,14.6,6.51,5.63,11.3,14.4
259,Saint Louis,34,19,15,0.559,3.04,2.04,,11,7,,14,3,,4,9,,74.3,71.3,,40.3,26.4,55.5,0.477,9.79,27.8,0.352,11.6,17,0.686,7.59,35.2,15,6.35,3.09,12.7,14.7
260,Saint Mary's (CA) ,35,29,6,0.829,17.43,6.46,,17,1,,16,1,,9,1,,72.9,61.1,,40.3,26.9,59.7,0.45,6.37,19.9,0.319,12.8,18.4,0.695,14,39.7,15.1,6.11,4,9.66,14.9
261,Saint Peter's,28,12,16,0.429,-10.64,-8.45,,7,13,,6,6,,6,10,,66,65.8,,40.4,22.3,56.5,0.395,7.11,21.6,0.329,14.3,19.4,0.738,13.5,37.3,10.3,6.79,3.61,13.6,18.9
262,Sam Houston,32,13,19,0.406,-2.86,1.31,,6,12,,9,4,,3,13,,75.3,76,,40.5,25.8,58,0.446,8.63,22.3,0.388,15,20.7,0.725,10.8,35.3,12.9,6.41,2.91,12.7,17.7
263,Samford,33,22,11,0.667,1.13,-3.58,,12,6,,13,3,,9,7,,82.9,75.5,,40.3,29.4,63.8,0.46,10.8,29.6,0.364,13.3,18.5,0.722,13.1,36,16.5,9.88,3.64,13,19.6
264,San Diego,33,6,27,0.182,-8.37,1.63,,2,16,,5,13,,0,12,,70.1,79.7,,40,24.8,61.1,0.407,6.39,21.8,0.293,14,18.7,0.752,11.5,34.3,11.4,7.42,3.58,13.3,21
265,San Diego State ,31,21,10,0.677,12.77,8.14,,14,6,,12,3,,6,4,,70.8,64.6,,40.3,25.5,57.5,0.442,7.71,23.1,0.333,12.1,18.2,0.664,10.1,35.2,13,7.65,5.45,11,18.4
266,San Francisco,35,25,10,0.714,10.46,3.87,,13,5,,17,3,,5,5,,76,69.1,,40.1,26.5,58.5,0.454,8.63,25.5,0.339,14.3,20.1,0.711,10.4,35.6,13.9,6.6,3.34,11.7,18.8
267,San Jose State,35,15,20,0.429,0.5,4.05,,7,13,,7,9,,3,9,,72.1,73.4,,40.4,25.5,57.4,0.444,8.11,23.4,0.347,13.1,17.6,0.745,9.51,34,12.9,5.97,3.03,11.5,15.6
268,Santa Clara,34,21,13,0.618,13.22,4.25,,12,6,,12,5,,6,5,,81.9,73,,40.4,29.1,61.7,0.472,10.9,28.6,0.382,12.8,17.6,0.727,11.3,37.9,17.3,6.53,3,11.9,16.4
269,Seattle,32,14,18,0.438,-0.21,-1.35,,8,8,,9,5,,4,11,,70.4,66.4,,40,23.3,56.2,0.415,6.69,20.7,0.323,17.1,24,0.714,10.8,34.3,12.1,8.09,3.19,11.4,17.9
270,Seton Hall,32,7,25,0.219,-0.26,8.36,,2,18,,5,11,,0,11,,61.6,70.2,,40.5,22.1,55.3,0.4,5.25,16.8,0.312,12.1,18.2,0.663,11.2,31.1,11.2,8.13,3.38,12.5,18
271,Siena,32,14,18,0.438,-7.46,-7.58,,9,11,,9,5,,4,10,,72.2,72.1,,40.6,24.5,57.1,0.429,7.47,22.8,0.328,15.8,21.3,0.743,9.84,32.2,11.8,6.84,4.97,11.8,16.2
272,South Alabama,32,21,11,0.656,1.52,-4.12,,13,5,,13,4,,8,6,,72.9,64.6,,40.9,25.4,57.3,0.444,8.53,26.2,0.326,13.5,19.2,0.704,10,35.3,14.4,9.34,2.63,9.28,13.4
273,South Carolina,32,12,20,0.375,9.89,11.55,,2,16,,10,8,,1,10,,69.8,71.4,,40.3,23.2,54.2,0.427,6.69,21.2,0.316,16.8,23.5,0.715,10.1,34.4,12.7,5.66,2.94,12.4,16.1
274,South Carolina State,33,20,13,0.606,-4.62,-9.05,,11,3,,10,2,,7,10,,79.5,70.4,,40.3,27.3,58.4,0.468,7.09,19.6,0.362,17.8,25.1,0.709,12.4,35.3,15.6,9.48,3.52,14.2,21.1
275,South Carolina Upstate,32,6,26,0.188,-15.67,-2.7,,2,14,,4,10,,2,14,,74.8,83.5,,40,27.5,60.7,0.454,6.94,22.7,0.306,12.8,18.9,0.675,9.34,33.9,13.3,7.56,2.31,14.2,19.3
276,South Dakota,33,19,14,0.576,-5.69,-3.49,,9,7,,14,2,,4,11,,85.2,83.7,,40,28.7,63.8,0.45,7.88,24.6,0.321,20,28,0.714,11.9,35.7,11.6,7.55,3.33,9.61,18.6
277,South Dakota State,32,20,12,0.625,2.15,-1.82,,11,5,,13,1,,4,8,,79.6,73.5,,40,28.5,60.5,0.471,8.66,24.7,0.35,13.8,18.5,0.747,11.7,40.2,14.1,4.69,2.63,12.1,16.2
278,South Florida,32,13,19,0.406,-2.15,-0.18,,6,12,,9,6,,2,10,,74.4,74.5,,40.3,26.3,59.3,0.443,7.06,22.2,0.318,14.7,20.4,0.72,10.3,34.6,14.4,8.28,3.53,11.1,17.1
279,Southeast Missouri State,33,21,12,0.636,-4.84,-7.8,,15,5,,12,3,,8,7,,74,67,,40.3,27.3,59.8,0.456,7.33,22,0.333,12.1,16.7,0.722,8.42,33.1,13.6,8.15,3.61,10.7,18.1
280,Southeastern Louisiana,32,18,14,0.563,-4,-4.67,,12,8,,8,4,,9,8,,72.6,69.8,,40.3,25.8,57.9,0.444,6.09,18.5,0.329,15,20.1,0.749,10.9,35.8,11.8,6.94,2.31,11.7,17.2
281,Southern,32,20,12,0.625,-6.83,-7.9,,15,3,,11,1,,9,10,,74.8,68.3,,40.3,26.5,60.9,0.436,6.63,20.6,0.322,15.1,22.5,0.669,13,37.3,13,9.66,3.84,12.5,18.6
282,Southern California,35,17,18,0.486,12.97,10.86,,7,13,,12,7,,3,7,,76.7,74.6,,40.3,27.3,56.4,0.485,7.17,19.6,0.365,14.9,20.1,0.741,8.57,31.7,15.5,6.31,3.06,12.3,17.7
283,Southern Illinois,33,14,19,0.424,-2.22,1.07,,8,12,,7,8,,5,7,,72.9,74.5,,40.3,26.5,57.5,0.461,6.73,19.2,0.351,13.1,19.4,0.676,10.2,35.5,14.2,6.27,3,12.5,16.9
284,SIU Edwardsville ,34,22,12,0.647,-6.12,-7.44,,13,7,,12,3,,7,8,,71.6,66.5,,40.3,25.7,59.7,0.431,7.32,22,0.333,12.9,19.3,0.67,11.9,38.1,13.6,6.65,4.03,11.4,16.5
285,Southern Indiana,30,10,20,0.333,-13.86,-8.4,,5,15,,8,7,,2,13,,71.5,73.5,,40.5,25.5,59.7,0.428,7.2,20.5,0.351,13.2,18.1,0.731,10.5,35.8,11.4,6.7,2.87,11.7,17.2
286,Southern Methodist,35,24,11,0.686,14.35,5.72,,13,7,,13,6,,7,4,,79.9,71.3,,40,28.3,59.1,0.478,7.86,20.8,0.378,15.5,21.7,0.714,12.5,38.4,15.9,8.06,3.74,11.9,16.8
287,Southern Mississippi,33,11,22,0.333,-9.91,-3.33,,5,13,,9,6,,1,13,,71.3,76,,40.3,25.5,59.2,0.431,6.58,21.7,0.303,13.7,19.8,0.692,10.5,37.4,14.4,6.88,4.3,13.9,16.8
288,Southern Utah,31,12,19,0.387,-10.63,-2.13,,4,12,,8,7,,3,11,,69.8,73.7,,40,24.5,57.6,0.425,5.87,18.8,0.313,15,20.6,0.729,11,37.1,12,5.06,4.39,14.5,17.6
289,St. Bonaventure,34,22,12,0.647,2.92,0.07,,9,9,,12,4,,7,6,,68.6,65.2,,40.1,25.1,56.4,0.444,6.21,19.9,0.312,12.3,16.9,0.729,9.38,33.7,11,7.53,3.24,10.4,13.4
290,St. John's (NY) ,36,31,5,0.861,21.25,8.56,,18,2,,18,0,,8,2,,78.5,65.8,,40.6,29.3,65.7,0.445,6.14,20.4,0.301,13.8,19.9,0.691,14.9,41.3,15.7,8.89,5.17,10.9,16.7
291,St. Thomas,34,24,10,0.706,1.01,-4.51,,12,4,,14,0,,7,8,,83.1,74.8,,40.1,28.7,58.3,0.492,10.4,27,0.387,15.3,19.6,0.78,7.26,31.3,15.4,7.18,3.18,9.53,18
292,Stanford,35,21,14,0.6,8.78,6.07,,11,9,,17,3,,3,8,,73.5,70.7,,40,25.6,58.8,0.435,8.4,24.5,0.342,13.9,17.6,0.789,10.7,34.2,13.8,6.8,3.69,10.5,17.1
293,Stephen F. Austin,31,14,17,0.452,-8.01,-3.29,,7,13,,8,8,,6,9,,66.6,68.3,,40.5,24.4,57.8,0.422,6.16,21.3,0.29,11.7,18.5,0.633,13.1,37.6,12.5,8.32,4.19,15.6,16.6
294,Stetson,32,8,24,0.25,-16.7,-4.7,,6,12,,5,9,,3,11,,71.7,81.5,,40.3,25.2,56.6,0.445,7.28,21.4,0.34,14.1,19.1,0.735,8.44,33,11.8,5.16,3.09,13,14.7
295,Stonehill,32,15,17,0.469,-13.12,-9.55,,7,9,,11,3,,3,13,,68.7,70.1,,40,23.7,54.6,0.434,8.63,24.3,0.355,12.6,17.4,0.724,9,33.1,14.4,6.44,2.63,12.1,16.6
296,Stony Brook,32,8,24,0.25,-13.84,-4.42,,4,14,,5,9,,3,13,,66.5,74.1,,40,23.1,55.8,0.414,7.38,21.9,0.337,12.9,17.3,0.746,10.5,33.1,11.3,5.09,2.06,11.8,15.2
297,Syracuse,33,14,19,0.424,4.95,8.04,,7,13,,11,6,,2,9,,74.7,77.8,,40.9,27.2,59.5,0.457,6.39,19.5,0.328,13.9,19.7,0.705,11,37.1,13.6,4.88,2.52,12.6,16.4
298,Tarleton State,32,12,20,0.375,-10.31,-0.31,,7,9,,10,3,,1,14,,63.3,69.6,,40,21.8,50.4,0.432,4.13,12.8,0.324,15.6,21.3,0.733,9.47,30.3,10.6,9.38,3.59,17.6,19.1
299,TCU,32,16,16,0.5,10.49,11.64,,9,11,,14,3,,2,9,,67.6,68.7,,40.2,24.4,58.6,0.416,6.09,20.3,0.3,12.7,19.7,0.647,12,34.8,12.2,7.59,3.44,11.6,15.7
300,Temple,32,17,15,0.531,-0.24,-0.37,,9,9,,12,2,,3,9,,78.8,77.7,,40.9,26.3,58.6,0.448,6.75,18.7,0.362,19.5,26.5,0.736,11.2,36.4,10.8,6.41,3.72,11,18
301,Tennessee ,38,30,8,0.789,24.2,13.25,,12,6,,16,1,,6,5,,74,63.1,,40,25.4,56.3,0.452,8.24,24.4,0.338,14.9,20,0.745,11.5,36.4,15.4,6.92,4.76,10.4,15.2
302,Tennessee State,33,17,16,0.515,-8.01,-8.71,,12,8,,12,3,,4,10,,78.1,73.3,,40.9,27.5,59.5,0.463,6.64,20.4,0.325,16.4,24,0.681,13,40.5,13.3,7.18,3.85,15.3,18.9
303,Tennessee Tech,32,15,17,0.469,-11.09,-7.82,,10,10,,9,5,,5,10,,72.1,74.1,,40.3,25.3,58.6,0.432,9.66,27.4,0.352,11.8,17,0.698,8.66,34.7,15.2,6.34,2.75,11.6,13.3
304,Tennessee-Martin,33,14,19,0.424,-11.18,-8.18,,9,11,,8,5,,5,12,,74.4,71.9,,40.9,25.3,60.5,0.419,9.27,28.8,0.322,14.5,20.7,0.699,13.7,39.4,13.5,8.09,2.82,13.1,16.8
305,Texas ,35,19,16,0.543,15.65,9.79,,6,12,,11,7,,4,6,,78.5,72.6,,40.6,27.3,59.1,0.463,7.54,20.8,0.362,16.3,21.7,0.749,10.2,35.7,12.9,6.26,4.29,9.94,18.7
306,Texas A&M ,34,23,11,0.676,19.3,13.39,,11,7,,13,3,,5,5,,74.6,68.7,,40.3,25.2,60.3,0.418,6.97,22.7,0.307,17.2,24.9,0.692,16,41,11.9,7.56,4.03,12.2,17.5
307,Texas A&M-Corpus Christi,34,20,14,0.588,-0.99,-3.39,,12,8,,15,2,,4,11,,75.8,67.4,,40,28.5,58.1,0.49,5.85,17.1,0.343,13,20.6,0.631,11.2,36.5,15,7.88,3.56,12,17.7
308,Texas Southern,32,15,17,0.469,-10.27,-8.23,,12,6,,9,4,,6,12,,72.7,72.1,,40.3,26.4,61.7,0.429,7.28,21.8,0.334,12.5,17.3,0.722,11.5,37.5,13.7,8.56,3.41,13.9,16.8
309,Texas State,32,16,16,0.5,-3.6,-3.77,,9,9,,10,4,,4,10,,76.2,73.3,,40.9,27.1,58.4,0.464,5.94,16.2,0.367,16.1,21.3,0.756,12.2,37,14.5,7.09,4.03,12.3,18.3
310,Texas Tech ,37,28,9,0.757,23.05,10.62,,15,5,,15,3,,8,2,,80.9,68.5,,40.7,28.6,61.5,0.466,10,27.3,0.367,13.6,17.9,0.76,11.8,37.1,16.4,6.27,3.11,9.62,15.7
311,Texas-Rio Grande Valley,31,16,15,0.516,-6.05,-3.38,,8,12,,12,4,,2,11,,76.7,74,,40,28.1,63.4,0.444,10.6,32.2,0.329,9.87,14,0.707,11.8,37.6,17.2,7.58,2.81,13.5,16.5
312,The Citadel,30,5,25,0.167,-18.37,-4.49,,0,18,,5,12,,0,12,,66.6,75,,40.5,23.5,56.2,0.419,7.53,25.5,0.295,12,19.4,0.617,10.6,34.4,12.3,6,2.03,12.5,16.1
313,Toledo,33,18,15,0.545,-6.03,-2.78,,10,8,,9,4,,6,9,,78.9,80.2,,40.2,28.4,61.2,0.464,5.85,17.4,0.336,16.2,21.7,0.75,10.8,34,13.3,5.39,2.76,9.39,15.8
314,Towson,33,22,11,0.667,-1.92,-3.57,,16,2,,12,1,,9,5,,70,66.7,,40.5,25.3,60.2,0.421,7.67,22.7,0.337,11.6,17.1,0.682,13.1,36.8,10.6,6.45,3.33,9.36,16
315,Troy ,34,23,11,0.676,3.55,-2.1,,13,5,,11,4,,9,6,,73.4,65.7,,40,25,57.5,0.436,7.68,25.8,0.297,15.6,21.8,0.718,13.9,38.6,13.9,9.44,4.62,13.5,16.5
316,Tulane,34,19,15,0.559,1.24,-0.73,,12,6,,14,3,,4,7,,74.5,70.4,,40.1,25.7,56.9,0.451,7.68,22.5,0.341,15.4,20.4,0.757,9.21,34.6,14.7,7.35,4.44,10.9,17.1
317,Tulsa,33,13,20,0.394,-5.93,-1.9,,6,12,,8,9,,3,8,,71.3,73.6,,40.6,25.1,57.9,0.434,7.94,24.6,0.322,13,19.5,0.667,9.73,35.7,13.6,6.12,2.73,11.4,15.6
318,UAB,37,24,13,0.649,4.7,-0.1,,13,5,,14,4,,7,6,,82.2,76.3,,40.3,30,65.9,0.456,6.57,19.4,0.338,15.5,20.4,0.764,14.5,40.1,16.1,6.7,4.19,9.95,15.5
319,UC Davis,32,15,17,0.469,-6.41,-1.51,,9,11,,8,6,,7,10,,68,70.3,,40.2,23,55.8,0.413,6.34,19.5,0.325,15.6,20.9,0.743,10.2,33,11.1,7.88,3.59,13.3,18
320,UC Irvine,39,32,7,0.821,7.6,-0.8,,17,3,,13,2,,14,3,,75.9,67,,40.6,26.1,57.4,0.454,7.13,20.1,0.355,16.7,21,0.794,9.26,38.3,15.7,6.56,3.44,12.7,15.6
321,UC Riverside,34,21,13,0.618,-1.47,0.38,,14,6,,14,1,,7,11,,74.8,75,,40.6,26.6,62.3,0.426,9,26.7,0.337,12.6,16.7,0.756,12.4,37.2,13.2,5.47,2.41,11.2,18
322,UC San Diego ,35,30,5,0.857,12.63,-1.92,,18,2,,13,2,,12,2,,79.3,61.8,,40,27.3,58.8,0.464,10.7,29.6,0.362,14.1,18.9,0.746,9.11,34,15.7,9.86,2.11,8.71,16.5
323,UC Santa Barbara,34,21,13,0.618,0.28,-3.5,,11,9,,12,5,,7,7,,74.3,68.8,,40,25.7,55.6,0.463,10,26.3,0.381,12.9,16.8,0.764,8.91,33.9,14.9,6.03,3.12,12.2,16.8
324,UCF,37,20,17,0.541,10.59,11.22,,7,13,,13,5,,2,8,,79.8,80.4,,40.7,26.8,62.9,0.426,8.86,26.2,0.338,17.3,22.4,0.775,12.2,36.9,13.9,7.59,4.41,12.2,17.2
325,UCLA ,34,23,11,0.676,19.68,10.71,,13,7,,15,2,,5,5,,74.2,65.2,,40,26.7,57.6,0.464,7.41,21,0.352,13.2,18.6,0.71,10.8,32.6,16.3,8.09,3.15,10.6,17.2
326,UNC Asheville,32,21,11,0.656,-5.36,-4.71,,11,5,,13,1,,6,9,,82.2,76.6,,40.5,29.4,62.3,0.473,7.97,22.9,0.348,15.3,21.4,0.716,11.3,35.2,14,7.5,4.19,10.4,19.3
327,UNC Greensboro,32,20,12,0.625,-0.99,-4.13,,13,5,,11,3,,8,6,,72.9,65.4,,40,25.6,57.8,0.442,9.19,24.7,0.372,12.6,17.1,0.735,10.9,36.7,13,6,2.84,9.88,16.2
328,UNC Wilmington ,35,27,8,0.771,2.36,-3.95,,14,4,,15,3,,9,4,,79.2,70.3,,40.4,27.7,59.1,0.47,7.29,21.7,0.336,16.4,21.9,0.75,12.5,38.8,15.4,6.4,3.43,11,16.7
329,UT Arlington,31,13,18,0.419,-5.55,-2.83,,6,10,,9,4,,3,11,,74.3,74.8,,40.5,25.8,57.8,0.446,8.68,24.5,0.354,14,21.2,0.661,11.6,36.5,14.1,5.94,3.19,13.5,18
330,Utah,33,16,17,0.485,11.44,8.5,,8,12,,15,4,,1,9,,75.5,72.6,,40.2,26.5,59.4,0.446,8.52,26.1,0.327,14,21.8,0.641,12.6,39.8,17.4,6.39,3.64,12.4,18.5
331,Utah State ,34,26,8,0.765,13.56,5.35,,15,5,,15,2,,7,4,,79.9,70,,40,28,57.9,0.484,8.82,24.8,0.356,15,21.4,0.702,11.6,34.6,17.1,8.56,2.76,10.7,18.1
332,Utah Tech,33,7,26,0.212,-10.29,-1.65,,2,14,,5,8,,0,16,,69.8,76,,40.2,24.5,57.8,0.425,7.45,22.4,0.333,13.3,19.2,0.695,10.1,33,12.7,6.45,3.21,12.6,19.2
333,Utah Valley,34,25,9,0.735,1.91,-3.31,,15,1,,12,0,,10,7,,76,68.3,,40.3,26.8,57.3,0.468,6.03,18,0.335,16.3,23.7,0.689,10.9,38.2,15.6,6.65,5.62,12.2,16.5
334,UTEP,33,18,15,0.545,-0.63,0.34,,7,11,,11,5,,4,8,,72.5,70.8,,40.2,25,56.9,0.439,7.3,20.8,0.351,15.2,21.2,0.715,8.94,31.2,13.2,10.2,3,11.8,18.1
335,UTSA,31,12,19,0.387,-2.55,0.52,,6,12,,7,7,,4,11,,76.7,76.8,,40.3,26.3,62.2,0.423,9.94,27.5,0.361,14.1,17.8,0.792,10.7,32.4,12.7,9.48,3.45,10.9,18.2
336,Valparaiso,34,15,19,0.441,-2.9,-0.12,,6,14,,10,7,,3,10,,74.7,73.9,,40.4,25.7,60.1,0.427,7.74,23,0.336,15.6,19.7,0.79,10,34.5,12,5.85,3.74,9.74,16.4
337,Vanderbilt ,33,20,13,0.606,14.66,10.05,,8,10,,14,3,,3,7,,78.9,74.3,,40.2,27.7,61.6,0.45,8.09,24.9,0.325,15.4,20.6,0.746,11.5,34.7,13.9,8.94,3.91,10.2,17.9
338,Vermont,33,21,12,0.636,-8.06,-7.61,,13,3,,13,3,,7,8,,66.6,63.8,,40,23.5,54.2,0.434,7.76,23.5,0.33,11.8,16.5,0.72,8.82,34.1,12.1,5.58,4.45,11.2,13.7
339,Villanova,36,21,15,0.583,13.28,7.45,,11,9,,14,3,,3,8,,74,68.2,,40.1,25.7,56,0.46,9.56,24.5,0.39,13,16.3,0.796,9.56,34.2,12.4,5.64,2.33,9.78,15.7
340,Virginia,32,15,17,0.469,5.71,7.71,,8,12,,10,7,,4,7,,64.8,66.8,,40,23.1,51.8,0.446,8.31,22.2,0.375,10.3,13.7,0.753,6.75,29.3,14.7,5.5,3.75,10.1,15.3
341,Virginia Commonwealth ,35,28,7,0.8,14.45,1.3,,15,3,,15,1,,7,3,,76.9,62.9,,40.1,26.5,59.7,0.445,9.63,28.6,0.336,14.2,19.1,0.743,13.2,38.2,15,8.06,5.43,11.3,18.1
342,VMI,34,15,19,0.441,-11.25,-4.88,,7,11,,7,7,,5,10,,73.3,73.1,,40.1,24.5,57.5,0.426,8.91,27.4,0.325,15.4,20.2,0.761,9.97,34.7,12.6,7.91,2.62,12,16.1
343,Virginia Tech,32,13,19,0.406,2.62,6.62,,8,12,,8,9,,5,5,,69.2,73.2,,40.5,24.5,55.6,0.442,7.88,22.5,0.35,12.2,17.1,0.714,10.2,33.3,12.6,5.44,1.94,13.4,17
344,Wagner,30,14,16,0.467,-15.75,-10.29,,6,10,,8,6,,6,10,,62.5,60.6,,40.5,22.1,54.5,0.406,6.9,20.7,0.334,11.4,16.1,0.706,11.3,34.9,12.6,7.07,1.57,11.8,17.1
345,Wake Forest,32,21,11,0.656,9.63,7.47,,13,7,,13,3,,6,6,,70.2,68,,40,24.7,55.7,0.443,5.59,19.6,0.285,15.2,20.1,0.756,8.88,33.2,11.3,7.19,3.94,11.3,16.5
346,Washington,31,13,18,0.419,6.26,10.76,,4,16,,9,9,,2,9,,71.6,75.5,,40.3,25.4,57.1,0.445,7.03,20.4,0.344,13.7,20.1,0.682,9.55,32.6,12.9,6.45,3.87,12,18.4
347,Washington State,34,19,15,0.559,4.67,4.32,,8,10,,10,4,,4,7,,78.9,78.6,,40.1,28.5,58,0.491,8.68,23.9,0.362,13.3,19,0.701,9.91,34.2,16.9,6.41,4.85,14.6,19
348,Weber State,34,12,22,0.353,-9.64,-3.16,,5,13,,5,10,,4,11,,71.9,71.9,,40.3,25.5,56,0.455,7.41,21.4,0.347,13.5,19.2,0.703,8.5,33.5,11.4,6.5,2.41,11,17.8
349,West Georgia,31,6,25,0.194,-15.57,-4.5,,4,14,,4,8,,2,15,,69,78.3,,40,25.9,59.6,0.435,5.42,18,0.302,11.8,17,0.693,9.52,32.8,13.5,6.97,2.97,11.3,15.9
350,West Virginia,32,19,13,0.594,14.89,11.54,,10,10,,13,4,,4,7,,68.2,64.8,,40.6,24.4,57.6,0.425,8.66,26.5,0.326,10.6,14.8,0.72,9,33.3,13.8,7.56,4.09,10.8,16.6
351,Western Carolina,30,8,22,0.267,-15.83,-2.35,,4,14,,7,7,,1,14,,69.7,79,,40.5,24,60.9,0.394,9.07,29.7,0.305,12.6,16.9,0.746,10.3,38.4,12.1,5.27,3.1,14,17
352,Western Illinois,31,12,19,0.387,-15.22,-8.5,,6,14,,8,7,,4,11,,68.7,71.3,,40.3,25,56.7,0.44,8,21.3,0.375,10.8,15.6,0.692,10.2,34.8,10.2,5.42,3.74,12,14.3
353,Western Kentucky,32,17,15,0.531,-0.5,1,,8,10,,13,5,,4,9,,74.8,74.8,,40.2,26.3,62.4,0.422,8.19,24.9,0.329,14,19.3,0.724,9.28,37.1,11.9,8.09,2.66,11,18.3
354,Western Michigan,32,12,20,0.375,-9.55,-4.17,,9,9,,6,9,,6,10,,72.1,76,,40,26.6,62.3,0.426,5.94,20.7,0.287,12.9,19.3,0.672,13.2,37.8,12.4,6.94,2.34,11,17.9
355,Wichita State,34,19,15,0.559,2.29,1.81,,8,10,,11,6,,5,7,,74,73.1,,40.3,26.7,60,0.445,5.18,17,0.305,15.4,21.1,0.728,11.7,38.6,11.8,6.74,4.44,11.6,15.3
356,William & Mary,32,17,15,0.531,-6.26,-4.26,,11,7,,12,2,,4,11,,77.7,76.4,,40,26.3,58.1,0.453,10.5,30,0.35,14.6,20.2,0.723,9.31,34.4,16.5,7.25,1.81,12.7,17.8
357,Winthrop,34,23,11,0.676,-1.68,-4.17,,11,5,,16,2,,5,8,,84.7,78,,40.4,28.8,60.7,0.474,8.09,23.6,0.342,19.1,28.5,0.668,12.4,38.6,12.9,7.94,3.35,13.1,19.8
358,Wisconsin ,37,27,10,0.73,20.73,11.49,,13,7,,14,3,,6,5,,80.1,70.9,,40.1,26.8,59,0.454,9.89,28.4,0.348,16.6,20.2,0.826,9.38,36.5,14.5,5.14,2.35,9.62,16.5
359,Wofford ,35,19,16,0.543,-0.13,-2.34,,10,8,,7,6,,8,8,,74.9,70,,40.3,26.7,59.1,0.452,9.71,28.3,0.343,11.8,17.9,0.66,12.9,38.2,15,5.97,2.51,10.9,16.9
360,Wright State,33,15,18,0.455,-4.89,-3.79,,8,12,,11,4,,3,12,,77.3,76.4,,40.5,28.8,58.4,0.494,8.45,22,0.384,11.2,15.8,0.706,9.3,34.5,15.2,5.7,3.12,12.2,16.8
361,Wyoming,32,12,20,0.375,-0.67,4.21,,5,15,,8,7,,3,10,,67.2,71.2,,40.2,24.3,55.6,0.438,7.59,22.2,0.342,10.9,16.7,0.652,10.5,34.8,11.7,4.41,2.78,12.9,19.3
362,Xavier ,34,22,12,0.647,15.25,8.72,,13,7,,15,2,,5,7,,78.1,71.6,,40.3,26.6,57,0.467,8.38,21.4,0.391,16.5,20.9,0.789,7.76,33.3,16.7,7.74,2.53,10.9,15.7
363,Yale ,30,22,8,0.733,6.66,-3.1,,13,1,,11,0,,7,6,,81.3,70.1,,40,29.9,61,0.49,7.63,19.7,0.387,13.9,19.1,0.729,11,38.4,16.4,5.77,3.6,10.1,16.3
364,Youngstown State,34,21,13,0.618,-3.85,-4.98,,13,7,,10,5,,9,6,,76.4,71.9,,40.3,26,59.6,0.436,8.79,27.5,0.32,15.6,21.4,0.733,11.1,36.5,13.8,6.94,5.26,12.2,18.4
